Listening for transport dt_socket at address: 62025
17:23:04 WARN  [io.qu.re.mu.de.ResteasyMutinyProcessor] (build-23) The quarkus-resteasy-mutiny extension is deprecated. Switch to Quarkus REST instead.
This extension adds support for Uni and Multi to RESTEasy Classic, without using the reactive execution model, as RESTEasy Classic does not use it. To properly integrate Mutiny and RESTEasy, use Quarkus REST. See https://quarkus.io/guides/getting-started-reactive for detailed instructions
__  ____  __  _____   ___  __ ____  ______ 
 --/ __ \/ / / / _ | / _ \/ //_/ / / / __/ 
 -/ /_/ / /_/ / __ |/ , _/ ,< / /_/ /\ \   
--\___\_\____/_/ |_/_/|_/_/|_|\____/___/   
17:23:05 WARN  [io.qu.config] (Quarkus Main Thread) Unrecognized configuration key "quarkus.threading.virtual.enabled" was provided; it will be ignored; verify that the dependency extension for this configuration is set or that you did not make a typo
17:23:05 WARN  [io.qu.config] (Quarkus Main Thread) Unrecognized configuration key "quarkus.hibernate-orm.jdbc.order_inserts" was provided; it will be ignored; verify that the dependency extension for this configuration is set or that you did not make a typo
17:23:05 WARN  [io.qu.config] (Quarkus Main Thread) Unrecognized configuration key "quarkus.hibernate-orm.jdbc.order_updates" was provided; it will be ignored; verify that the dependency extension for this configuration is set or that you did not make a typo
17:23:05 WARN  [io.qu.config] (Quarkus Main Thread) Unrecognized configuration key "quarkus.hibernate-orm.jdbc.batch_size" was provided; it will be ignored; verify that the dependency extension for this configuration is set or that you did not make a typo
17:23:05 WARN  [io.qu.config] (Quarkus Main Thread) The "quarkus.hibernate-orm.database.generation" config property is deprecated and should not be used anymore.
17:23:05 WARN  [io.qu.config] (Quarkus Main Thread) The "quarkus.log.console.enable" config property is deprecated and should not be used anymore.
17:23:06 WARN  [co.in.va.se.UserBootstrap] (Quarkus Main Thread) No user found: created bootstrap administrator 'admin'. Change its password before exposing this instance.
17:23:06 INFO  [io.quarkus] (Quarkus Main Thread) imvaluation 1.0-SNAPSHOT on JVM (powered by Quarkus 3.30.6) started in 2.335s. Listening on: http://localhost:8090
17:23:06 INFO  [io.quarkus] (Quarkus Main Thread) Profile dev activated. Live Coding activated.
17:23:06 INFO  [io.quarkus] (Quarkus Main Thread) Installed features: [agroal, cdi, compose, hibernate-orm, hibernate-orm-panache, hibernate-validator, jdbc-h2, mailer, narayana-jta, qute, resteasy, resteasy-client, resteasy-client-jackson, resteasy-client-jaxb, resteasy-client-mutiny, resteasy-jackson, resteasy-jaxb, resteasy-multipart, resteasy-mutiny, resteasy-qute, scheduler, security, security-jpa, smallrye-context-propagation, smallrye-graphql, smallrye-graphql-client, smallrye-health, smallrye-openapi, swagger-ui, vertx]
17:23:06 INFO  [io.sm.health] (vert.x-eventloop-thread-0) SRHCK01001: Reporting health down status: {"status":"DOWN","checks":[{"name":"Database connections health check","status":"UP","data":{"<default>":"UP"}},{"name":"imvaluation-ready","status":"DOWN","data":{"stores":0,"offerSchemas":17,"missing":"stores"}}]}
17:26:11 INFO  [co.in.va.im.ImporterCsvResource] (executor-thread-1) Starting Bulk Import from InputStream
17:26:11 INFO  [co.in.va.im.ImporterCsvResource] (executor-thread-1) Import finished. Created: 1, Updated: 0
17:26:11 INFO  [co.in.va.im.ImporterCsvResource] (executor-thread-1) Starting Bulk Import from InputStream
17:26:11 WARN  [co.in.va.im.ImporterCsvResource] (executor-thread-1) Failed to process chunk of size 4 with step 1000. Retrying with step 100. Error: StoreGroup 'DEPT_59' not found. Check CSV order (Parent must be defined before Child).
17:26:11 WARN  [co.in.va.im.ImporterCsvResource] (executor-thread-1) Failed to process chunk of size 4 with step 100. Retrying with step 10. Error: StoreGroup 'DEPT_59' not found. Check CSV order (Parent must be defined before Child).
17:26:11 WARN  [co.in.va.im.ImporterCsvResource] (executor-thread-1) Failed to process chunk of size 4 with step 10. Retrying with step 1. Error: StoreGroup 'DEPT_59' not found. Check CSV order (Parent must be defined before Child).
17:26:11 INFO  [co.in.va.im.ImporterCsvResource] (executor-thread-1) Import finished. Created: 4, Updated: 0
17:26:11 INFO  [co.in.va.im.ImporterCsvResource] (executor-thread-1) Starting Bulk Import from InputStream
17:26:14 INFO  [co.in.va.im.ImporterCsvResource] (executor-thread-1) Import finished. Created: 109204, Updated: 0
17:26:14 INFO  [co.in.va.im.ImporterCsvResource] (executor-thread-1) Starting Bulk Import from InputStream
17:26:15 WARN  [co.in.va.im.ImporterCsvResource] (executor-thread-1) Failed to process chunk of size 1000 with step 1000. Retrying with step 100. Error: SubFamily code '1002' not found.
17:26:15 WARN  [co.in.va.im.ImporterCsvResource] (executor-thread-1) Failed to process chunk of size 100 with step 100. Retrying with step 10. Error: SubFamily code '1002' not found.
17:26:15 WARN  [co.in.va.im.ImporterCsvResource] (executor-thread-1) Failed to process chunk of size 10 with step 10. Retrying with step 1. Error: SubFamily code '1002' not found.
17:26:15 WARN  [co.in.va.im.ImporterCsvResource] (executor-thread-1) Failed to process chunk of size 10 with step 10. Retrying with step 1. Error: SubFamily code '10101000' not found.
17:26:15 WARN  [co.in.va.im.ImporterCsvResource] (executor-thread-1) Failed to process chunk of size 10 with step 10. Retrying with step 1. Error: SubFamily code '20363600' not found.
17:26:15 WARN  [co.in.va.im.ImporterCsvResource] (executor-thread-1) Failed to process chunk of size 10 with step 10. Retrying with step 1. Error: SubFamily code '50555500' not found.
17:26:15 WARN  [co.in.va.im.ImporterCsvResource] (executor-thread-1) Failed to process chunk of size 10 with step 10. Retrying with step 1. Error: SubFamily code '100202040001' not found.
17:26:15 WARN  [co.in.va.im.ImporterCsvResource] (executor-thread-1) Failed to process chunk of size 10 with step 10. Retrying with step 1. Error: SubFamily code '100202260001' not found.
17:26:15 WARN  [co.in.va.im.ImporterCsvResource] (executor-thread-1) Failed to process chunk of size 10 with step 10. Retrying with step 1. Error: SubFamily code '100404020001' not found.
17:26:15 WARN  [co.in.va.im.ImporterCsvResource] (executor-thread-1) Failed to process chunk of size 10 with step 10. Retrying with step 1. Error: SubFamily code '101010020001' not found.
17:26:15 WARN  [co.in.va.im.ImporterCsvResource] (executor-thread-1) Failed to process chunk of size 10 with step 10. Retrying with step 1. Error: SubFamily code '101212160001' not found.
17:26:15 WARN  [co.in.va.im.ImporterCsvResource] (executor-thread-1) Failed to process chunk of size 10 with step 10. Retrying with step 1. Error: SubFamily code '202222100001' not found.
17:26:15 WARN  [co.in.va.im.ImporterCsvResource] (executor-thread-1) Failed to process chunk of size 100 with step 100. Retrying with step 10. Error: SubFamily code '202828020001' not found.
17:26:15 WARN  [co.in.va.im.ImporterCsvResource] (executor-thread-1) Failed to process chunk of size 10 with step 10. Retrying with step 1. Error: SubFamily code '202828020001' not found.
17:26:15 WARN  [co.in.va.im.ImporterCsvResource] (executor-thread-1) Failed to process chunk of size 10 with step 10. Retrying with step 1. Error: SubFamily code '203030110001' not found.
17:26:15 WARN  [co.in.va.im.ImporterCsvResource] (executor-thread-1) Failed to process chunk of size 10 with step 10. Retrying with step 1. Error: SubFamily code '203232060001' not found.
17:26:16 WARN  [co.in.va.im.ImporterCsvResource] (executor-thread-1) Failed to process chunk of size 10 with step 10. Retrying with step 1. Error: SubFamily code '203636020001' not found.
17:26:16 WARN  [co.in.va.im.ImporterCsvResource] (executor-thread-1) Failed to process chunk of size 10 with step 10. Retrying with step 1. Error: SubFamily code '203939000001' not found.
17:26:16 WARN  [co.in.va.im.ImporterCsvResource] (executor-thread-1) Failed to process chunk of size 10 with step 10. Retrying with step 1. Error: SubFamily code '404040150001' not found.
17:26:16 WARN  [co.in.va.im.ImporterCsvResource] (executor-thread-1) Failed to process chunk of size 10 with step 10. Retrying with step 1. Error: SubFamily code '404040340001' not found.
17:26:16 WARN  [co.in.va.im.ImporterCsvResource] (executor-thread-1) Failed to process chunk of size 10 with step 10. Retrying with step 1. Error: SubFamily code '404242090001' not found.
17:26:16 WARN  [co.in.va.im.ImporterCsvResource] (executor-thread-1) Failed to process chunk of size 10 with step 10. Retrying with step 1. Error: SubFamily code '404242240001' not found.
17:26:16 WARN  [co.in.va.im.ImporterCsvResource] (executor-thread-1) Failed to process chunk of size 10 with step 10. Retrying with step 1. Error: SubFamily code '404444060001' not found.
17:26:16 WARN  [co.in.va.im.ImporterCsvResource] (executor-thread-1) Failed to process chunk of size 100 with step 100. Retrying with step 10. Error: SubFamily code '404646030001' not found.
17:26:16 WARN  [co.in.va.im.ImporterCsvResource] (executor-thread-1) Failed to process chunk of size 10 with step 10. Retrying with step 1. Error: SubFamily code '404646030001' not found.
17:26:16 WARN  [co.in.va.im.ImporterCsvResource] (executor-thread-1) Failed to process chunk of size 10 with step 10. Retrying with step 1. Error: SubFamily code '404646160001' not found.
17:26:16 WARN  [co.in.va.im.ImporterCsvResource] (executor-thread-1) Failed to process chunk of size 10 with step 10. Retrying with step 1. Error: SubFamily code '404848030001' not found.
17:26:16 WARN  [co.in.va.im.ImporterCsvResource] (executor-thread-1) Failed to process chunk of size 10 with step 10. Retrying with step 1. Error: SubFamily code '404848170001' not found.
17:26:16 WARN  [co.in.va.im.ImporterCsvResource] (executor-thread-1) Failed to process chunk of size 10 with step 10. Retrying with step 1. Error: SubFamily code '505050020002' not found.
17:26:16 WARN  [co.in.va.im.ImporterCsvResource] (executor-thread-1) Failed to process chunk of size 10 with step 10. Retrying with step 1. Error: SubFamily code '505050200001' not found.
17:26:16 WARN  [co.in.va.im.ImporterCsvResource] (executor-thread-1) Failed to process chunk of size 10 with step 10. Retrying with step 1. Error: SubFamily code '505050380001' not found.
17:26:16 WARN  [co.in.va.im.ImporterCsvResource] (executor-thread-1) Failed to process chunk of size 10 with step 10. Retrying with step 1. Error: SubFamily code '606060100001' not found.
17:26:16 WARN  [co.in.va.im.ImporterCsvResource] (executor-thread-1) Failed to process chunk of size 10 with step 10. Retrying with step 1. Error: SubFamily code '606060280001' not found.
17:26:16 WARN  [co.in.va.im.ImporterCsvResource] (executor-thread-1) Failed to process chunk of size 10 with step 10. Retrying with step 1. Error: SubFamily code '606060460003' not found.
17:26:16 WARN  [co.in.va.im.ImporterCsvResource] (executor-thread-1) Failed to process chunk of size 100 with step 100. Retrying with step 10. Error: SubFamily code '606060760001' not found.
17:26:16 WARN  [co.in.va.im.ImporterCsvResource] (executor-thread-1) Failed to process chunk of size 10 with step 10. Retrying with step 1. Error: SubFamily code '606060760001' not found.
17:26:16 WARN  [co.in.va.im.ImporterCsvResource] (executor-thread-1) Failed to process chunk of size 10 with step 10. Retrying with step 1. Error: SubFamily code '606262100001' not found.
17:26:16 WARN  [co.in.va.im.ImporterCsvResource] (executor-thread-1) Failed to process chunk of size 10 with step 10. Retrying with step 1. Error: SubFamily code '606262240002' not found.
17:26:16 WARN  [co.in.va.im.ImporterCsvResource] (executor-thread-1) Failed to process chunk of size 10 with step 10. Retrying with step 1. Error: SubFamily code '606464100001' not found.
17:26:16 WARN  [co.in.va.im.ImporterCsvResource] (executor-thread-1) Failed to process chunk of size 10 with step 10. Retrying with step 1. Error: SubFamily code '606666070001' not found.
17:26:16 WARN  [co.in.va.im.ImporterCsvResource] (executor-thread-1) Failed to process chunk of size 10 with step 10. Retrying with step 1. Error: Detached entity passed to persist: com.intermarche.valuation.domain.Product
17:26:16 WARN  [co.in.va.im.ImporterCsvResource] (executor-thread-1) Failed to process chunk of size 10 with step 10. Retrying with step 1. Error: Detached entity passed to persist: com.intermarche.valuation.domain.Product
17:26:16 WARN  [co.in.va.im.ImporterCsvResource] (executor-thread-1) Failed to process chunk of size 10 with step 10. Retrying with step 1. Error: Detached entity passed to persist: com.intermarche.valuation.domain.Product
17:26:16 WARN  [co.in.va.im.ImporterCsvResource] (executor-thread-1) Failed to process chunk of size 10 with step 10. Retrying with step 1. Error: Detached entity passed to persist: com.intermarche.valuation.domain.Product
17:26:16 WARN  [co.in.va.im.ImporterCsvResource] (executor-thread-1) Failed to process chunk of size 10 with step 10. Retrying with step 1. Error: Detached entity passed to persist: com.intermarche.valuation.domain.Product
17:26:16 WARN  [co.in.va.im.ImporterCsvResource] (executor-thread-1) Failed to process chunk of size 100 with step 100. Retrying with step 10. Error: Detached entity passed to persist: com.intermarche.valuation.domain.Product
17:26:16 WARN  [co.in.va.im.ImporterCsvResource] (executor-thread-1) Failed to process chunk of size 10 with step 10. Retrying with step 1. Error: Detached entity passed to persist: com.intermarche.valuation.domain.Product
17:26:16 WARN  [co.in.va.im.ImporterCsvResource] (executor-thread-1) Failed to process chunk of size 10 with step 10. Retrying with step 1. Error: Detached entity passed to persist: com.intermarche.valuation.domain.Product
17:26:16 WARN  [co.in.va.im.ImporterCsvResource] (executor-thread-1) Failed to process chunk of size 10 with step 10. Retrying with step 1. Error: Detached entity passed to persist: com.intermarche.valuation.domain.Product
17:26:16 WARN  [co.in.va.im.ImporterCsvResource] (executor-thread-1) Failed to process chunk of size 10 with step 10. Retrying with step 1. Error: Detached entity passed to persist: com.intermarche.valuation.domain.Product
17:26:16 WARN  [co.in.va.im.ImporterCsvResource] (executor-thread-1) Failed to process chunk of size 10 with step 10. Retrying with step 1. Error: Detached entity passed to persist: com.intermarche.valuation.domain.Product
17:26:16 WARN  [co.in.va.im.ImporterCsvResource] (executor-thread-1) Failed to process chunk of size 10 with step 10. Retrying with step 1. Error: Detached entity passed to persist: com.intermarche.valuation.domain.Product
17:26:16 WARN  [co.in.va.im.ImporterCsvResource] (executor-thread-1) Failed to process chunk of size 10 with step 10. Retrying with step 1. Error: Detached entity passed to persist: com.intermarche.valuation.domain.Product
17:26:16 WARN  [co.in.va.im.ImporterCsvResource] (executor-thread-1) Failed to process chunk of size 10 with step 10. Retrying with step 1. Error: Detached entity passed to persist: com.intermarche.valuation.domain.Product
17:26:16 WARN  [co.in.va.im.ImporterCsvResource] (executor-thread-1) Failed to process chunk of size 10 with step 10. Retrying with step 1. Error: Detached entity passed to persist: com.intermarche.valuation.domain.Product
17:26:16 WARN  [co.in.va.im.ImporterCsvResource] (executor-thread-1) Failed to process chunk of size 10 with step 10. Retrying with step 1. Error: Detached entity passed to persist: com.intermarche.valuation.domain.Product
17:26:16 WARN  [co.in.va.im.ImporterCsvResource] (executor-thread-1) Failed to process chunk of size 100 with step 100. Retrying with step 10. Error: Detached entity passed to persist: com.intermarche.valuation.domain.Product
17:26:16 WARN  [co.in.va.im.ImporterCsvResource] (executor-thread-1) Failed to process chunk of size 10 with step 10. Retrying with step 1. Error: Detached entity passed to persist: com.intermarche.valuation.domain.Product
17:26:16 WARN  [co.in.va.im.ImporterCsvResource] (executor-thread-1) Failed to process chunk of size 10 with step 10. Retrying with step 1. Error: Detached entity passed to persist: com.intermarche.valuation.domain.Product
17:26:16 WARN  [co.in.va.im.ImporterCsvResource] (executor-thread-1) Failed to process chunk of size 10 with step 10. Retrying with step 1. Error: Detached entity passed to persist: com.intermarche.valuation.domain.Product
17:26:16 WARN  [co.in.va.im.ImporterCsvResource] (executor-thread-1) Failed to process chunk of size 10 with step 10. Retrying with step 1. Error: Detached entity passed to persist: com.intermarche.valuation.domain.Product
17:26:16 WARN  [co.in.va.im.ImporterCsvResource] (executor-thread-1) Failed to process chunk of size 10 with step 10. Retrying with step 1. Error: Detached entity passed to persist: com.intermarche.valuation.domain.Product
17:26:16 WARN  [co.in.va.im.ImporterCsvResource] (executor-thread-1) Failed to process chunk of size 10 with step 10. Retrying with step 1. Error: Detached entity passed to persist: com.intermarche.valuation.domain.Product
17:26:16 WARN  [co.in.va.im.ImporterCsvResource] (executor-thread-1) Failed to process chunk of size 10 with step 10. Retrying with step 1. Error: Detached entity passed to persist: com.intermarche.valuation.domain.Product
17:26:16 WARN  [co.in.va.im.ImporterCsvResource] (executor-thread-1) Failed to process chunk of size 10 with step 10. Retrying with step 1. Error: Detached entity passed to persist: com.intermarche.valuation.domain.Product
17:26:16 WARN  [co.in.va.im.ImporterCsvResource] (executor-thread-1) Failed to process chunk of size 10 with step 10. Retrying with step 1. Error: Detached entity passed to persist: com.intermarche.valuation.domain.Product
17:26:16 WARN  [co.in.va.im.ImporterCsvResource] (executor-thread-1) Failed to process chunk of size 10 with step 10. Retrying with step 1. Error: Detached entity passed to persist: com.intermarche.valuation.domain.Product
17:26:16 WARN  [co.in.va.im.ImporterCsvResource] (executor-thread-1) Failed to process chunk of size 100 with step 100. Retrying with step 10. Error: Detached entity passed to persist: com.intermarche.valuation.domain.Product
17:26:16 WARN  [co.in.va.im.ImporterCsvResource] (executor-thread-1) Failed to process chunk of size 10 with step 10. Retrying with step 1. Error: Detached entity passed to persist: com.intermarche.valuation.domain.Product
17:26:16 WARN  [co.in.va.im.ImporterCsvResource] (executor-thread-1) Failed to process chunk of size 10 with step 10. Retrying with step 1. Error: Detached entity passed to persist: com.intermarche.valuation.domain.Product
17:26:16 WARN  [co.in.va.im.ImporterCsvResource] (executor-thread-1) Failed to process chunk of size 10 with step 10. Retrying with step 1. Error: Detached entity passed to persist: com.intermarche.valuation.domain.Product
17:26:16 WARN  [co.in.va.im.ImporterCsvResource] (executor-thread-1) Failed to process chunk of size 10 with step 10. Retrying with step 1. Error: Detached entity passed to persist: com.intermarche.valuation.domain.Product
17:26:16 WARN  [co.in.va.im.ImporterCsvResource] (executor-thread-1) Failed to process chunk of size 10 with step 10. Retrying with step 1. Error: Detached entity passed to persist: com.intermarche.valuation.domain.Product
17:26:16 WARN  [co.in.va.im.ImporterCsvResource] (executor-thread-1) Failed to process chunk of size 10 with step 10. Retrying with step 1. Error: Detached entity passed to persist: com.intermarche.valuation.domain.Product
17:26:16 WARN  [co.in.va.im.ImporterCsvResource] (executor-thread-1) Failed to process chunk of size 10 with step 10. Retrying with step 1. Error: Detached entity passed to persist: com.intermarche.valuation.domain.Product
17:26:16 WARN  [co.in.va.im.ImporterCsvResource] (executor-thread-1) Failed to process chunk of size 10 with step 10. Retrying with step 1. Error: Detached entity passed to persist: com.intermarche.valuation.domain.Product
17:26:16 WARN  [co.in.va.im.ImporterCsvResource] (executor-thread-1) Failed to process chunk of size 10 with step 10. Retrying with step 1. Error: Detached entity passed to persist: com.intermarche.valuation.domain.Product
17:26:16 WARN  [co.in.va.im.ImporterCsvResource] (executor-thread-1) Failed to process chunk of size 10 with step 10. Retrying with step 1. Error: Detached entity passed to persist: com.intermarche.valuation.domain.Product
17:26:16 WARN  [co.in.va.im.ImporterCsvResource] (executor-thread-1) Failed to process chunk of size 100 with step 100. Retrying with step 10. Error: Detached entity passed to persist: com.intermarche.valuation.domain.Product
17:26:16 WARN  [co.in.va.im.ImporterCsvResource] (executor-thread-1) Failed to process chunk of size 10 with step 10. Retrying with step 1. Error: Detached entity passed to persist: com.intermarche.valuation.domain.Product
17:26:16 WARN  [co.in.va.im.ImporterCsvResource] (executor-thread-1) Failed to process chunk of size 10 with step 10. Retrying with step 1. Error: Detached entity passed to persist: com.intermarche.valuation.domain.Product
17:26:16 WARN  [co.in.va.im.ImporterCsvResource] (executor-thread-1) Failed to process chunk of size 10 with step 10. Retrying with step 1. Error: Detached entity passed to persist: com.intermarche.valuation.domain.Product
17:26:16 WARN  [co.in.va.im.ImporterCsvResource] (executor-thread-1) Failed to process chunk of size 10 with step 10. Retrying with step 1. Error: Detached entity passed to persist: com.intermarche.valuation.domain.Product
17:26:16 WARN  [co.in.va.im.ImporterCsvResource] (executor-thread-1) Failed to process chunk of size 10 with step 10. Retrying with step 1. Error: Detached entity passed to persist: com.intermarche.valuation.domain.Product
17:26:16 WARN  [co.in.va.im.ImporterCsvResource] (executor-thread-1) Failed to process chunk of size 10 with step 10. Retrying with step 1. Error: Detached entity passed to persist: com.intermarche.valuation.domain.Product
17:26:17 WARN  [co.in.va.im.ImporterCsvResource] (executor-thread-1) Failed to process chunk of size 10 with step 10. Retrying with step 1. Error: Detached entity passed to persist: com.intermarche.valuation.domain.Product
17:26:17 WARN  [co.in.va.im.ImporterCsvResource] (executor-thread-1) Failed to process chunk of size 10 with step 10. Retrying with step 1. Error: Detached entity passed to persist: com.intermarche.valuation.domain.Product
17:26:17 WARN  [co.in.va.im.ImporterCsvResource] (executor-thread-1) Failed to process chunk of size 10 with step 10. Retrying with step 1. Error: Detached entity passed to persist: com.intermarche.valuation.domain.Product
17:26:17 WARN  [co.in.va.im.ImporterCsvResource] (executor-thread-1) Failed to process chunk of size 10 with step 10. Retrying with step 1. Error: Detached entity passed to persist: com.intermarche.valuation.domain.Product
17:26:17 WARN  [co.in.va.im.ImporterCsvResource] (executor-thread-1) Failed to process chunk of size 100 with step 100. Retrying with step 10. Error: Detached entity passed to persist: com.intermarche.valuation.domain.Product
17:26:17 WARN  [co.in.va.im.ImporterCsvResource] (executor-thread-1) Failed to process chunk of size 10 with step 10. Retrying with step 1. Error: Detached entity passed to persist: com.intermarche.valuation.domain.Product
17:26:17 WARN  [co.in.va.im.ImporterCsvResource] (executor-thread-1) Failed to process chunk of size 10 with step 10. Retrying with step 1. Error: Detached entity passed to persist: com.intermarche.valuation.domain.Product
17:26:17 WARN  [co.in.va.im.ImporterCsvResource] (executor-thread-1) Failed to process chunk of size 10 with step 10. Retrying with step 1. Error: Detached entity passed to persist: com.intermarche.valuation.domain.Product
17:26:17 WARN  [co.in.va.im.ImporterCsvResource] (executor-thread-1) Failed to process chunk of size 10 with step 10. Retrying with step 1. Error: Detached entity passed to persist: com.intermarche.valuation.domain.Product
17:26:17 WARN  [co.in.va.im.ImporterCsvResource] (executor-thread-1) Failed to process chunk of size 10 with step 10. Retrying with step 1. Error: Detached entity passed to persist: com.intermarche.valuation.domain.Product
17:26:17 WARN  [co.in.va.im.ImporterCsvResource] (executor-thread-1) Failed to process chunk of size 10 with step 10. Retrying with step 1. Error: Detached entity passed to persist: com.intermarche.valuation.domain.Product
17:26:17 WARN  [co.in.va.im.ImporterCsvResource] (executor-thread-1) Failed to process chunk of size 10 with step 10. Retrying with step 1. Error: Detached entity passed to persist: com.intermarche.valuation.domain.Product
17:26:17 WARN  [co.in.va.im.ImporterCsvResource] (executor-thread-1) Failed to process chunk of size 10 with step 10. Retrying with step 1. Error: Detached entity passed to persist: com.intermarche.valuation.domain.Product
17:26:17 WARN  [co.in.va.im.ImporterCsvResource] (executor-thread-1) Failed to process chunk of size 10 with step 10. Retrying with step 1. Error: Detached entity passed to persist: com.intermarche.valuation.domain.Product
17:26:17 WARN  [co.in.va.im.ImporterCsvResource] (executor-thread-1) Failed to process chunk of size 10 with step 10. Retrying with step 1. Error: Detached entity passed to persist: com.intermarche.valuation.domain.Product
17:26:17 WARN  [co.in.va.im.ImporterCsvResource] (executor-thread-1) Failed to process chunk of size 100 with step 100. Retrying with step 10. Error: Detached entity passed to persist: com.intermarche.valuation.domain.Product
17:26:17 WARN  [co.in.va.im.ImporterCsvResource] (executor-thread-1) Failed to process chunk of size 10 with step 10. Retrying with step 1. Error: Detached entity passed to persist: com.intermarche.valuation.domain.Product
17:26:17 WARN  [co.in.va.im.ImporterCsvResource] (executor-thread-1) Failed to process chunk of size 10 with step 10. Retrying with step 1. Error: Detached entity passed to persist: com.intermarche.valuation.domain.Product
17:26:17 WARN  [co.in.va.im.ImporterCsvResource] (executor-thread-1) Failed to process chunk of size 10 with step 10. Retrying with step 1. Error: Detached entity passed to persist: com.intermarche.valuation.domain.Product
17:26:17 WARN  [co.in.va.im.ImporterCsvResource] (executor-thread-1) Failed to process chunk of size 10 with step 10. Retrying with step 1. Error: Detached entity passed to persist: com.intermarche.valuation.domain.Product
17:26:17 WARN  [co.in.va.im.ImporterCsvResource] (executor-thread-1) Failed to process chunk of size 10 with step 10. Retrying with step 1. Error: Detached entity passed to persist: com.intermarche.valuation.domain.Product
17:26:17 WARN  [co.in.va.im.ImporterCsvResource] (executor-thread-1) Failed to process chunk of size 10 with step 10. Retrying with step 1. Error: Detached entity passed to persist: com.intermarche.valuation.domain.Product
17:26:17 WARN  [co.in.va.im.ImporterCsvResource] (executor-thread-1) Failed to process chunk of size 10 with step 10. Retrying with step 1. Error: Detached entity passed to persist: com.intermarche.valuation.domain.Product
17:26:17 WARN  [co.in.va.im.ImporterCsvResource] (executor-thread-1) Failed to process chunk of size 10 with step 10. Retrying with step 1. Error: Detached entity passed to persist: com.intermarche.valuation.domain.Product
17:26:17 WARN  [co.in.va.im.ImporterCsvResource] (executor-thread-1) Failed to process chunk of size 10 with step 10. Retrying with step 1. Error: Detached entity passed to persist: com.intermarche.valuation.domain.Product
17:26:17 WARN  [co.in.va.im.ImporterCsvResource] (executor-thread-1) Failed to process chunk of size 10 with step 10. Retrying with step 1. Error: Detached entity passed to persist: com.intermarche.valuation.domain.Product
17:26:17 WARN  [co.in.va.im.ImporterCsvResource] (executor-thread-1) Failed to process chunk of size 468 with step 1000. Retrying with step 100. Error: Detached entity passed to persist: com.intermarche.valuation.domain.Product
17:26:17 WARN  [co.in.va.im.ImporterCsvResource] (executor-thread-1) Failed to process chunk of size 100 with step 100. Retrying with step 10. Error: Detached entity passed to persist: com.intermarche.valuation.domain.Product
17:26:17 WARN  [co.in.va.im.ImporterCsvResource] (executor-thread-1) Failed to process chunk of size 10 with step 10. Retrying with step 1. Error: Detached entity passed to persist: com.intermarche.valuation.domain.Product
17:26:17 WARN  [co.in.va.im.ImporterCsvResource] (executor-thread-1) Failed to process chunk of size 10 with step 10. Retrying with step 1. Error: Detached entity passed to persist: com.intermarche.valuation.domain.Product
17:26:17 WARN  [co.in.va.im.ImporterCsvResource] (executor-thread-1) Failed to process chunk of size 10 with step 10. Retrying with step 1. Error: Detached entity passed to persist: com.intermarche.valuation.domain.Product
17:26:17 WARN  [co.in.va.im.ImporterCsvResource] (executor-thread-1) Failed to process chunk of size 10 with step 10. Retrying with step 1. Error: Detached entity passed to persist: com.intermarche.valuation.domain.Product
17:26:17 WARN  [co.in.va.im.ImporterCsvResource] (executor-thread-1) Failed to process chunk of size 10 with step 10. Retrying with step 1. Error: Detached entity passed to persist: com.intermarche.valuation.domain.Product
17:26:17 WARN  [co.in.va.im.ImporterCsvResource] (executor-thread-1) Failed to process chunk of size 10 with step 10. Retrying with step 1. Error: Detached entity passed to persist: com.intermarche.valuation.domain.Product
17:26:17 WARN  [co.in.va.im.ImporterCsvResource] (executor-thread-1) Failed to process chunk of size 10 with step 10. Retrying with step 1. Error: Detached entity passed to persist: com.intermarche.valuation.domain.Product
17:26:17 WARN  [co.in.va.im.ImporterCsvResource] (executor-thread-1) Failed to process chunk of size 10 with step 10. Retrying with step 1. Error: Detached entity passed to persist: com.intermarche.valuation.domain.Product
17:26:18 WARN  [co.in.va.im.ImporterCsvResource] (executor-thread-1) Failed to process chunk of size 10 with step 10. Retrying with step 1. Error: Detached entity passed to persist: com.intermarche.valuation.domain.Product
17:26:18 WARN  [co.in.va.im.ImporterCsvResource] (executor-thread-1) Failed to process chunk of size 10 with step 10. Retrying with step 1. Error: Detached entity passed to persist: com.intermarche.valuation.domain.Product
17:26:18 WARN  [co.in.va.im.ImporterCsvResource] (executor-thread-1) Failed to process chunk of size 100 with step 100. Retrying with step 10. Error: Detached entity passed to persist: com.intermarche.valuation.domain.Product
17:26:18 WARN  [co.in.va.im.ImporterCsvResource] (executor-thread-1) Failed to process chunk of size 10 with step 10. Retrying with step 1. Error: Detached entity passed to persist: com.intermarche.valuation.domain.Product
17:26:18 WARN  [co.in.va.im.ImporterCsvResource] (executor-thread-1) Failed to process chunk of size 10 with step 10. Retrying with step 1. Error: Detached entity passed to persist: com.intermarche.valuation.domain.Product
17:26:18 WARN  [co.in.va.im.ImporterCsvResource] (executor-thread-1) Failed to process chunk of size 10 with step 10. Retrying with step 1. Error: Detached entity passed to persist: com.intermarche.valuation.domain.Product
17:26:18 WARN  [co.in.va.im.ImporterCsvResource] (executor-thread-1) Failed to process chunk of size 10 with step 10. Retrying with step 1. Error: Detached entity passed to persist: com.intermarche.valuation.domain.Product
17:26:18 WARN  [co.in.va.im.ImporterCsvResource] (executor-thread-1) Failed to process chunk of size 10 with step 10. Retrying with step 1. Error: Detached entity passed to persist: com.intermarche.valuation.domain.Product
17:26:18 WARN  [co.in.va.im.ImporterCsvResource] (executor-thread-1) Failed to process chunk of size 10 with step 10. Retrying with step 1. Error: Detached entity passed to persist: com.intermarche.valuation.domain.Product
17:26:18 WARN  [co.in.va.im.ImporterCsvResource] (executor-thread-1) Failed to process chunk of size 10 with step 10. Retrying with step 1. Error: Detached entity passed to persist: com.intermarche.valuation.domain.Product
17:26:18 WARN  [co.in.va.im.ImporterCsvResource] (executor-thread-1) Failed to process chunk of size 10 with step 10. Retrying with step 1. Error: Detached entity passed to persist: com.intermarche.valuation.domain.Product
17:26:18 WARN  [co.in.va.im.ImporterCsvResource] (executor-thread-1) Failed to process chunk of size 10 with step 10. Retrying with step 1. Error: Detached entity passed to persist: com.intermarche.valuation.domain.Product
17:26:18 WARN  [co.in.va.im.ImporterCsvResource] (executor-thread-1) Failed to process chunk of size 10 with step 10. Retrying with step 1. Error: Detached entity passed to persist: com.intermarche.valuation.domain.Product
17:26:18 WARN  [co.in.va.im.ImporterCsvResource] (executor-thread-1) Failed to process chunk of size 100 with step 100. Retrying with step 10. Error: Detached entity passed to persist: com.intermarche.valuation.domain.Product
17:26:18 WARN  [co.in.va.im.ImporterCsvResource] (executor-thread-1) Failed to process chunk of size 10 with step 10. Retrying with step 1. Error: Detached entity passed to persist: com.intermarche.valuation.domain.Product
17:26:18 WARN  [co.in.va.im.ImporterCsvResource] (executor-thread-1) Failed to process chunk of size 10 with step 10. Retrying with step 1. Error: Detached entity passed to persist: com.intermarche.valuation.domain.Product
17:26:18 WARN  [co.in.va.im.ImporterCsvResource] (executor-thread-1) Failed to process chunk of size 10 with step 10. Retrying with step 1. Error: Detached entity passed to persist: com.intermarche.valuation.domain.Product
17:26:18 WARN  [co.in.va.im.ImporterCsvResource] (executor-thread-1) Failed to process chunk of size 10 with step 10. Retrying with step 1. Error: Detached entity passed to persist: com.intermarche.valuation.domain.Product
17:26:18 WARN  [co.in.va.im.ImporterCsvResource] (executor-thread-1) Failed to process chunk of size 10 with step 10. Retrying with step 1. Error: Detached entity passed to persist: com.intermarche.valuation.domain.Product
17:26:18 WARN  [co.in.va.im.ImporterCsvResource] (executor-thread-1) Failed to process chunk of size 10 with step 10. Retrying with step 1. Error: Detached entity passed to persist: com.intermarche.valuation.domain.Product
17:26:18 WARN  [co.in.va.im.ImporterCsvResource] (executor-thread-1) Failed to process chunk of size 10 with step 10. Retrying with step 1. Error: Detached entity passed to persist: com.intermarche.valuation.domain.Product
17:26:18 WARN  [co.in.va.im.ImporterCsvResource] (executor-thread-1) Failed to process chunk of size 10 with step 10. Retrying with step 1. Error: Detached entity passed to persist: com.intermarche.valuation.domain.Product
17:26:18 WARN  [co.in.va.im.ImporterCsvResource] (executor-thread-1) Failed to process chunk of size 10 with step 10. Retrying with step 1. Error: Detached entity passed to persist: com.intermarche.valuation.domain.Product
17:26:18 WARN  [co.in.va.im.ImporterCsvResource] (executor-thread-1) Failed to process chunk of size 10 with step 10. Retrying with step 1. Error: Detached entity passed to persist: com.intermarche.valuation.domain.Product
17:26:18 WARN  [co.in.va.im.ImporterCsvResource] (executor-thread-1) Failed to process chunk of size 100 with step 100. Retrying with step 10. Error: Detached entity passed to persist: com.intermarche.valuation.domain.Product
17:26:18 WARN  [co.in.va.im.ImporterCsvResource] (executor-thread-1) Failed to process chunk of size 10 with step 10. Retrying with step 1. Error: Detached entity passed to persist: com.intermarche.valuation.domain.Product
17:26:18 WARN  [co.in.va.im.ImporterCsvResource] (executor-thread-1) Failed to process chunk of size 10 with step 10. Retrying with step 1. Error: Detached entity passed to persist: com.intermarche.valuation.domain.Product
17:26:18 WARN  [co.in.va.im.ImporterCsvResource] (executor-thread-1) Failed to process chunk of size 10 with step 10. Retrying with step 1. Error: Detached entity passed to persist: com.intermarche.valuation.domain.Product
17:26:18 WARN  [co.in.va.im.ImporterCsvResource] (executor-thread-1) Failed to process chunk of size 10 with step 10. Retrying with step 1. Error: Detached entity passed to persist: com.intermarche.valuation.domain.Product
17:26:18 WARN  [co.in.va.im.ImporterCsvResource] (executor-thread-1) Failed to process chunk of size 10 with step 10. Retrying with step 1. Error: Detached entity passed to persist: com.intermarche.valuation.domain.Product
17:26:18 WARN  [co.in.va.im.ImporterCsvResource] (executor-thread-1) Failed to process chunk of size 10 with step 10. Retrying with step 1. Error: Detached entity passed to persist: com.intermarche.valuation.domain.Product
17:26:18 WARN  [co.in.va.im.ImporterCsvResource] (executor-thread-1) Failed to process chunk of size 10 with step 10. Retrying with step 1. Error: Detached entity passed to persist: com.intermarche.valuation.domain.Product
17:26:18 WARN  [co.in.va.im.ImporterCsvResource] (executor-thread-1) Failed to process chunk of size 10 with step 10. Retrying with step 1. Error: Detached entity passed to persist: com.intermarche.valuation.domain.Product
17:26:18 WARN  [co.in.va.im.ImporterCsvResource] (executor-thread-1) Failed to process chunk of size 10 with step 10. Retrying with step 1. Error: Detached entity passed to persist: com.intermarche.valuation.domain.Product
17:26:18 WARN  [co.in.va.im.ImporterCsvResource] (executor-thread-1) Failed to process chunk of size 10 with step 10. Retrying with step 1. Error: Detached entity passed to persist: com.intermarche.valuation.domain.Product
17:26:18 WARN  [co.in.va.im.ImporterCsvResource] (executor-thread-1) Failed to process chunk of size 68 with step 100. Retrying with step 10. Error: Detached entity passed to persist: com.intermarche.valuation.domain.Product
17:26:18 WARN  [co.in.va.im.ImporterCsvResource] (executor-thread-1) Failed to process chunk of size 10 with step 10. Retrying with step 1. Error: Detached entity passed to persist: com.intermarche.valuation.domain.Product
17:26:18 WARN  [co.in.va.im.ImporterCsvResource] (executor-thread-1) Failed to process chunk of size 10 with step 10. Retrying with step 1. Error: Detached entity passed to persist: com.intermarche.valuation.domain.Product
17:26:18 WARN  [co.in.va.im.ImporterCsvResource] (executor-thread-1) Failed to process chunk of size 10 with step 10. Retrying with step 1. Error: Detached entity passed to persist: com.intermarche.valuation.domain.Product
17:26:18 WARN  [co.in.va.im.ImporterCsvResource] (executor-thread-1) Failed to process chunk of size 10 with step 10. Retrying with step 1. Error: Detached entity passed to persist: com.intermarche.valuation.domain.Product
17:26:18 WARN  [co.in.va.im.ImporterCsvResource] (executor-thread-1) Failed to process chunk of size 10 with step 10. Retrying with step 1. Error: Detached entity passed to persist: com.intermarche.valuation.domain.Product
17:26:18 WARN  [co.in.va.im.ImporterCsvResource] (executor-thread-1) Failed to process chunk of size 10 with step 10. Retrying with step 1. Error: Detached entity passed to persist: com.intermarche.valuation.domain.Product
17:26:18 WARN  [co.in.va.im.ImporterCsvResource] (executor-thread-1) Failed to process chunk of size 8 with step 10. Retrying with step 1. Error: Detached entity passed to persist: com.intermarche.valuation.domain.Product
17:26:18 INFO  [co.in.va.im.ImporterCsvResource] (executor-thread-1) Import finished. Created: 1127, Updated: 0
17:26:18 INFO  [co.in.va.im.ImporterCsvResource] (executor-thread-1) Starting Bulk Import from InputStream
17:26:23 INFO  [co.in.va.im.ImporterCsvResource] (executor-thread-1) Import finished. Created: 109204, Updated: 0
17:26:23 INFO  [co.in.va.im.ImporterCsvResource] (executor-thread-1) Starting Bulk Import from InputStream
17:26:23 INFO  [co.in.va.im.ImporterCsvResource] (executor-thread-1) Import finished. Created: 5, Updated: 0
17:26:23 INFO  [co.in.va.im.ImporterCsvResource] (executor-thread-1) Starting Bulk Import from InputStream
17:27:24 ERROR [co.in.va.im.ImporterCsvResource] (executor-thread-1) Error reading input stream: java.io.IOException: java.io.IOException: io.vertx.core.http.StreamResetException: Stream reset: 8
	at io.quarkus.vertx.http.runtime.VertxInputStream$VertxBlockingInput.readBlocking(VertxInputStream.java:255)
	at io.quarkus.vertx.http.runtime.VertxInputStream.readIntoBuffer(VertxInputStream.java:122)
	at io.quarkus.vertx.http.runtime.VertxInputStream.read(VertxInputStream.java:84)
	at java.base/sun.nio.cs.StreamDecoder.readBytes(StreamDecoder.java:279)
	at java.base/sun.nio.cs.StreamDecoder.implRead(StreamDecoder.java:322)
	at java.base/sun.nio.cs.StreamDecoder.read(StreamDecoder.java:186)
	at java.base/java.io.InputStreamReader.read(InputStreamReader.java:183)
	at java.base/java.io.BufferedReader.fill(BufferedReader.java:166)
	at java.base/java.io.BufferedReader.readLine(BufferedReader.java:333)
	at java.base/java.io.BufferedReader.readLine(BufferedReader.java:400)
	at com.intermarche.valuation.imports.ImporterCsvResource.importCsvStream(ImporterCsvResource.java:103)
	at com.intermarche.valuation.imports.PriceCsvResource.importPrices(PriceCsvResource.java:88)
	at com.intermarche.valuation.imports.PriceCsvResource_Subclass.importPrices$$superforward(Unknown Source)
	at com.intermarche.valuation.imports.PriceCsvResource_Subclass$0.apply(Unknown Source)
	at io.quarkus.arc.impl.AroundInvokeInvocationContext.proceed(AroundInvokeInvocationContext.java:73)
	at io.quarkus.arc.impl.AroundInvokeInvocationContext$NextAroundInvokeInvocationContext.proceed(AroundInvokeInvocationContext.java:97)
	at io.quarkus.security.runtime.interceptor.SecurityHandler.handle(SecurityHandler.java:27)
	at io.quarkus.security.runtime.interceptor.RolesAllowedInterceptor.intercept(RolesAllowedInterceptor.java:29)
	at io.quarkus.security.runtime.interceptor.RolesAllowedInterceptor_Bean.intercept(Unknown Source)
	at io.quarkus.arc.impl.InterceptorInvocation.invoke(InterceptorInvocation.java:42)
	at io.quarkus.arc.impl.AroundInvokeInvocationContext.proceed(AroundInvokeInvocationContext.java:70)
	at io.quarkus.arc.impl.AroundInvokeInvocationContext.proceed(AroundInvokeInvocationContext.java:62)
	at io.quarkus.resteasy.runtime.StandardSecurityCheckInterceptor.intercept(StandardSecurityCheckInterceptor.java:53)
	at io.quarkus.resteasy.runtime.StandardSecurityCheckInterceptor$RolesAllowedInterceptor_Bean.intercept(Unknown Source)
	at io.quarkus.arc.impl.InterceptorInvocation.invoke(InterceptorInvocation.java:42)
	at io.quarkus.arc.impl.AroundInvokeInvocationContext.perform(AroundInvokeInvocationContext.java:30)
	at io.quarkus.arc.impl.InvocationContexts.performAroundInvoke(InvocationContexts.java:27)
	at com.intermarche.valuation.imports.PriceCsvResource_Subclass.importPrices(Unknown Source)
	at com.intermarche.valuation.imports.PriceCsvResource_ClientProxy.importPrices(Unknown Source)
	at java.base/jdk.internal.reflect.DirectMethodHandleAccessor.invoke(DirectMethodHandleAccessor.java:104)
	at java.base/java.lang.reflect.Method.invoke(Method.java:565)
	at org.jboss.resteasy.core.MethodInjectorImpl.invoke(MethodInjectorImpl.java:154)
	at org.jboss.resteasy.core.MethodInjectorImpl.invoke(MethodInjectorImpl.java:118)
	at org.jboss.resteasy.core.ResourceMethodInvoker.internalInvokeOnTarget(ResourceMethodInvoker.java:560)
	at org.jboss.resteasy.core.ResourceMethodInvoker.invokeOnTargetAfterFilter(ResourceMethodInvoker.java:452)
	at org.jboss.resteasy.core.ResourceMethodInvoker.lambda$invokeOnTarget$2(ResourceMethodInvoker.java:413)
	at org.jboss.resteasy.core.interception.jaxrs.PreMatchContainerRequestContext.filter(PreMatchContainerRequestContext.java:321)
	at org.jboss.resteasy.core.ResourceMethodInvoker.invokeOnTarget(ResourceMethodInvoker.java:415)
	at org.jboss.resteasy.core.ResourceMethodInvoker.invoke(ResourceMethodInvoker.java:378)
	at org.jboss.resteasy.core.ResourceMethodInvoker.invoke(ResourceMethodInvoker.java:356)
	at org.jboss.resteasy.core.ResourceMethodInvoker.invoke(ResourceMethodInvoker.java:70)
	at org.jboss.resteasy.core.SynchronousDispatcher.invoke(SynchronousDispatcher.java:429)
	at org.jboss.resteasy.core.SynchronousDispatcher.lambda$invokePropagateNotFound$6(SynchronousDispatcher.java:275)
	at org.jboss.resteasy.core.SynchronousDispatcher.lambda$preprocess$0(SynchronousDispatcher.java:154)
	at org.jboss.resteasy.core.interception.jaxrs.PreMatchContainerRequestContext.filter(PreMatchContainerRequestContext.java:321)
	at org.jboss.resteasy.core.SynchronousDispatcher.preprocess(SynchronousDispatcher.java:157)
	at org.jboss.resteasy.core.SynchronousDispatcher.invokePropagateNotFound(SynchronousDispatcher.java:260)
	at io.quarkus.resteasy.runtime.standalone.RequestDispatcher.service(RequestDispatcher.java:86)
	at io.quarkus.resteasy.runtime.standalone.VertxRequestHandler.dispatch(VertxRequestHandler.java:151)
	at io.quarkus.resteasy.runtime.standalone.VertxRequestHandler$1.run(VertxRequestHandler.java:97)
	at io.quarkus.vertx.core.runtime.VertxCoreRecorder$15.runWith(VertxCoreRecorder.java:645)
	at org.jboss.threads.EnhancedQueueExecutor$Task.doRunWith(EnhancedQueueExecutor.java:2651)
	at org.jboss.threads.EnhancedQueueExecutor$Task.run(EnhancedQueueExecutor.java:2630)
	at org.jboss.threads.EnhancedQueueExecutor.runThreadBody(EnhancedQueueExecutor.java:1622)
	at org.jboss.threads.EnhancedQueueExecutor$ThreadBody.run(EnhancedQueueExecutor.java:1589)
	at org.jboss.threads.DelegatingRunnable.run(DelegatingRunnable.java:11)
	at org.jboss.threads.ThreadLocalResettingRunnable.run(ThreadLocalResettingRunnable.java:11)
	at io.netty.util.concurrent.FastThreadLocalRunnable.run(FastThreadLocalRunnable.java:30)
	at java.base/java.lang.Thread.run(Thread.java:1474)
	Suppressed: java.io.IOException: java.io.IOException: io.vertx.core.http.StreamResetException: Stream reset: 8
		at io.quarkus.vertx.http.runtime.VertxInputStream$VertxBlockingInput.readBlocking(VertxInputStream.java:255)
		at io.quarkus.vertx.http.runtime.VertxInputStream.readIntoBuffer(VertxInputStream.java:122)
		at io.quarkus.vertx.http.runtime.VertxInputStream.close(VertxInputStream.java:150)
		at java.base/sun.nio.cs.StreamDecoder.implClose(StreamDecoder.java:374)
		at java.base/sun.nio.cs.StreamDecoder.close(StreamDecoder.java:207)
		at java.base/java.io.InputStreamReader.close(InputStreamReader.java:198)
		at java.base/java.io.BufferedReader.close(BufferedReader.java:529)
		at com.intermarche.valuation.imports.ImporterCsvResource.importCsvStream(ImporterCsvResource.java:97)
		... 48 more
	Caused by: java.io.IOException: io.vertx.core.http.StreamResetException: Stream reset: 8
		at io.quarkus.vertx.http.runtime.VertxInputStream$VertxBlockingInput$2.handle(VertxInputStream.java:202)
		at io.quarkus.vertx.http.runtime.VertxInputStream$VertxBlockingInput$2.handle(VertxInputStream.java:198)
		at io.quarkus.vertx.http.runtime.filters.QuarkusRequestWrapper$1.handle(QuarkusRequestWrapper.java:48)
		at io.quarkus.vertx.http.runtime.filters.QuarkusRequestWrapper$1.handle(QuarkusRequestWrapper.java:44)
		at io.vertx.core.impl.ContextInternal.dispatch(ContextInternal.java:270)
		at io.vertx.core.http.impl.HttpEventHandler.handleException(HttpEventHandler.java:89)
		at io.vertx.core.http.impl.Http2ServerRequest.notifyException(Http2ServerRequest.java:116)
		at io.vertx.core.http.impl.Http2ServerRequest.handleReset(Http2ServerRequest.java:198)
		at io.vertx.core.http.impl.Http2ServerStream.handleReset(Http2ServerStream.java:197)
		at io.vertx.core.impl.ContextImpl.emit(ContextImpl.java:342)
		at io.vertx.core.impl.DuplicatedContext.emit(DuplicatedContext.java:163)
		at io.vertx.core.http.impl.VertxHttp2Stream.onReset(VertxHttp2Stream.java:101)
		at io.vertx.core.http.impl.Http2ConnectionBase.onRstStreamRead(Http2ConnectionBase.java:310)
		at io.vertx.core.http.impl.Http2ServerConnection.onRstStreamRead(Http2ServerConnection.java:38)
		at io.netty.handler.codec.http2.Http2FrameListenerDecorator.onRstStreamRead(Http2FrameListenerDecorator.java:57)
		at io.netty.handler.codec.http2.Http2MaxRstFrameListener.onRstStreamRead(Http2MaxRstFrameListener.java:58)
		at io.netty.handler.codec.http2.Http2FrameListenerDecorator.onRstStreamRead(Http2FrameListenerDecorator.java:57)
		at io.netty.handler.codec.http2.DefaultHttp2ConnectionDecoder$FrameReadListener.onRstStreamRead(DefaultHttp2ConnectionDecoder.java:463)
		at io.netty.handler.codec.http2.DefaultHttp2FrameReader.readRstStreamFrame(DefaultHttp2FrameReader.java:506)
		at io.netty.handler.codec.http2.DefaultHttp2FrameReader.processPayloadState(DefaultHttp2FrameReader.java:253)
		at io.netty.handler.codec.http2.DefaultHttp2FrameReader.readFrame(DefaultHttp2FrameReader.java:164)
		at io.netty.handler.codec.http2.DefaultHttp2ConnectionDecoder.decodeFrame(DefaultHttp2ConnectionDecoder.java:186)
		at io.netty.handler.codec.http2.DecoratingHttp2ConnectionDecoder.decodeFrame(DecoratingHttp2ConnectionDecoder.java:61)
		at io.netty.handler.codec.http2.DecoratingHttp2ConnectionDecoder.decodeFrame(DecoratingHttp2ConnectionDecoder.java:61)
		at io.netty.handler.codec.http2.Http2ConnectionHandler$FrameDecoder.decode(Http2ConnectionHandler.java:391)
		at io.netty.handler.codec.http2.Http2ConnectionHandler.decode(Http2ConnectionHandler.java:451)
		at io.netty.handler.codec.ByteToMessageDecoder.decodeRemovalReentryProtection(ByteToMessageDecoder.java:545)
		at io.netty.handler.codec.ByteToMessageDecoder.callDecode(ByteToMessageDecoder.java:484)
		at io.netty.handler.codec.ByteToMessageDecoder.channelRead(ByteToMessageDecoder.java:296)
		at io.vertx.core.http.impl.VertxHttp2ConnectionHandler.channelRead(VertxHttp2ConnectionHandler.java:405)
		at io.netty.channel.AbstractChannelHandlerContext.invokeChannelRead(AbstractChannelHandlerContext.java:444)
		at io.netty.channel.AbstractChannelHandlerContext.invokeChannelRead(AbstractChannelHandlerContext.java:420)
		at io.netty.channel.AbstractChannelHandlerContext.fireChannelRead(AbstractChannelHandlerContext.java:412)
		at io.netty.handler.timeout.IdleStateHandler.channelRead(IdleStateHandler.java:289)
		at io.netty.channel.AbstractChannelHandlerContext.invokeChannelRead(AbstractChannelHandlerContext.java:442)
		at io.netty.channel.AbstractChannelHandlerContext.invokeChannelRead(AbstractChannelHandlerContext.java:420)
		at io.netty.channel.AbstractChannelHandlerContext.fireChannelRead(AbstractChannelHandlerContext.java:412)
		at io.netty.channel.DefaultChannelPipeline$HeadContext.channelRead(DefaultChannelPipeline.java:1357)
		at io.netty.channel.AbstractChannelHandlerContext.invokeChannelRead(AbstractChannelHandlerContext.java:440)
		at io.netty.channel.AbstractChannelHandlerContext.invokeChannelRead(AbstractChannelHandlerContext.java:420)
		at io.netty.channel.DefaultChannelPipeline.fireChannelRead(DefaultChannelPipeline.java:868)
		at io.netty.channel.nio.AbstractNioByteChannel$NioByteUnsafe.read(AbstractNioByteChannel.java:166)
		at io.netty.channel.nio.NioEventLoop.processSelectedKey(NioEventLoop.java:796)
		at io.netty.channel.nio.NioEventLoop.processSelectedKeysOptimized(NioEventLoop.java:732)
		at io.netty.channel.nio.NioEventLoop.processSelectedKeys(NioEventLoop.java:658)
		at io.netty.channel.nio.NioEventLoop.run(NioEventLoop.java:562)
		at io.netty.util.concurrent.SingleThreadEventExecutor$4.run(SingleThreadEventExecutor.java:998)
		at io.netty.util.internal.ThreadExecutorMap$2.run(ThreadExecutorMap.java:74)
		... 2 more
	Caused by: io.vertx.core.http.StreamResetException: Stream reset: 8
Caused by: [CIRCULAR REFERENCE: java.io.IOException: io.vertx.core.http.StreamResetException: Stream reset: 8]

17:27:29 INFO  [co.in.va.im.ImporterCsvResource] (executor-thread-1) Starting Bulk Import from InputStream
17:27:38 INFO  [co.in.va.im.ImporterCsvResource] (executor-thread-1) Import finished. Created: 4204, Updated: 0
17:27:38 INFO  [co.in.va.im.ImporterCsvResource] (executor-thread-1) Starting Bulk Import from InputStream
17:27:38 INFO  [co.in.va.im.ImporterCsvResource] (executor-thread-1) Import finished. Created: 22, Updated: 0
17:29:19 INFO  [co.in.va.en.ValuationResource] (executor-thread-1) Received valuation request for customer: null
17:29:19 INFO  [co.in.va.en.ValuationResource] (executor-thread-1) Store: 0101, Mode: IN_STORE
17:29:19 INFO  [co.in.va.en.ValuationResource] (executor-thread-1) Number of items in basket: 1
17:29:19 WARN  [co.ne.sc.UnknownKeywordFactory] (executor-thread-1) Unknown keyword x-label - you should define your own Meta Schema. If the keyword is irrelevant for validation, just use a NonValidationKeyword or if it should generate annotations AnnotationKeyword
17:29:19 WARN  [co.ne.sc.UnknownKeywordFactory] (executor-thread-1) Unknown keyword x-widget - you should define your own Meta Schema. If the keyword is irrelevant for validation, just use a NonValidationKeyword or if it should generate annotations AnnotationKeyword
17:29:19 WARN  [co.ne.sc.UnknownKeywordFactory] (executor-thread-1) Unknown keyword x-item-label - you should define your own Meta Schema. If the keyword is irrelevant for validation, just use a NonValidationKeyword or if it should generate annotations AnnotationKeyword
17:29:19 WARN  [co.ne.sc.UnknownKeywordFactory] (executor-thread-1) Unknown keyword x-unit-from - you should define your own Meta Schema. If the keyword is irrelevant for validation, just use a NonValidationKeyword or if it should generate annotations AnnotationKeyword
17:29:22 INFO  [co.in.va.en.ValuationResource] (executor-thread-1) Received valuation request for customer: null
17:29:22 INFO  [co.in.va.en.ValuationResource] (executor-thread-1) Store: 0101, Mode: IN_STORE
17:29:22 INFO  [co.in.va.en.ValuationResource] (executor-thread-1) Number of items in basket: 2
17:29:24 INFO  [co.in.va.en.ValuationResource] (executor-thread-1) Received valuation request for customer: null
17:29:24 INFO  [co.in.va.en.ValuationResource] (executor-thread-1) Store: 0101, Mode: IN_STORE
17:29:24 INFO  [co.in.va.en.ValuationResource] (executor-thread-1) Number of items in basket: 3
17:29:26 INFO  [co.in.va.en.ValuationResource] (executor-thread-1) Received valuation request for customer: null
17:29:26 INFO  [co.in.va.en.ValuationResource] (executor-thread-1) Store: 0101, Mode: IN_STORE
17:29:26 INFO  [co.in.va.en.ValuationResource] (executor-thread-1) Number of items in basket: 3
17:29:41 INFO  [co.in.va.en.ValuationResource] (executor-thread-1) Received valuation request for customer: null
17:29:41 INFO  [co.in.va.en.ValuationResource] (executor-thread-1) Store: 0101, Mode: IN_STORE
17:29:41 INFO  [co.in.va.en.ValuationResource] (executor-thread-1) Number of items in basket: 3
17:29:58 INFO  [co.in.va.en.ValuationResource] (executor-thread-1) Received valuation request for customer: null
17:29:58 INFO  [co.in.va.en.ValuationResource] (executor-thread-1) Store: 0101, Mode: IN_STORE
17:29:58 INFO  [co.in.va.en.ValuationResource] (executor-thread-1) Number of items in basket: 3
17:30:18 INFO  [co.in.va.en.ValuationResource] (executor-thread-1) Received valuation request for customer: null
17:30:18 INFO  [co.in.va.en.ValuationResource] (executor-thread-1) Store: 0101, Mode: IN_STORE
17:30:18 INFO  [co.in.va.en.ValuationResource] (executor-thread-1) Number of items in basket: 3
17:30:22 INFO  [co.in.va.en.ValuationResource] (executor-thread-1) Received valuation request for customer: null
17:30:22 INFO  [co.in.va.en.ValuationResource] (executor-thread-1) Store: 0101, Mode: IN_STORE
17:30:22 INFO  [co.in.va.en.ValuationResource] (executor-thread-1) Number of items in basket: 3
17:30:24 INFO  [co.in.va.en.ValuationResource] (executor-thread-1) Received valuation request for customer: null
17:30:24 INFO  [co.in.va.en.ValuationResource] (executor-thread-1) Store: 0101, Mode: IN_STORE
17:30:24 INFO  [co.in.va.en.ValuationResource] (executor-thread-1) Number of items in basket: 3
17:30:24 INFO  [co.in.va.en.ValuationResource] (executor-thread-1) Received valuation request for customer: null
17:30:24 INFO  [co.in.va.en.ValuationResource] (executor-thread-1) Store: 0101, Mode: IN_STORE
17:30:24 INFO  [co.in.va.en.ValuationResource] (executor-thread-1) Number of items in basket: 3
17:31:24 INFO  [co.in.va.en.ValuationResource] (executor-thread-1) Received valuation request for customer: null
17:31:24 INFO  [co.in.va.en.ValuationResource] (executor-thread-1) Store: 0101, Mode: IN_STORE
17:31:24 INFO  [co.in.va.en.ValuationResource] (executor-thread-1) Number of items in basket: 1
17:31:39 INFO  [co.in.va.en.ValuationResource] (executor-thread-1) Received valuation request for customer: null
17:31:39 INFO  [co.in.va.en.ValuationResource] (executor-thread-1) Store: 0101, Mode: IN_STORE
17:31:39 INFO  [co.in.va.en.ValuationResource] (executor-thread-1) Number of items in basket: 2
17:31:42 INFO  [co.in.va.en.ValuationResource] (executor-thread-1) Received valuation request for customer: null
17:31:42 INFO  [co.in.va.en.ValuationResource] (executor-thread-1) Store: 0101, Mode: IN_STORE
17:31:42 INFO  [co.in.va.en.ValuationResource] (executor-thread-1) Number of items in basket: 3
17:33:03 INFO  [co.in.va.en.ValuationResource] (executor-thread-1) Received valuation request for customer: 2990000000019
17:33:03 INFO  [co.in.va.en.ValuationResource] (executor-thread-1) Store: 0101, Mode: IN_STORE
17:33:03 INFO  [co.in.va.en.ValuationResource] (executor-thread-1) Number of items in basket: 3
17:33:52 INFO  [co.in.va.en.ValuationResource] (executor-thread-1) Received valuation request for customer: 2990000000019
17:33:52 INFO  [co.in.va.en.ValuationResource] (executor-thread-1) Store: 0101, Mode: IN_STORE
17:33:52 INFO  [co.in.va.en.ValuationResource] (executor-thread-1) Number of items in basket: 3
17:33:56 INFO  [co.in.va.en.ValuationResource] (executor-thread-1) Received valuation request for customer: 2990000000019
17:33:56 INFO  [co.in.va.en.ValuationResource] (executor-thread-1) Store: 0101, Mode: IN_STORE
17:33:56 INFO  [co.in.va.en.ValuationResource] (executor-thread-1) Number of items in basket: 3
17:33:57 INFO  [co.in.va.en.ValuationResource] (executor-thread-1) Received valuation request for customer: 2990000000019
17:33:57 INFO  [co.in.va.en.ValuationResource] (executor-thread-1) Store: 0101, Mode: IN_STORE
17:33:57 INFO  [co.in.va.en.ValuationResource] (executor-thread-1) Number of items in basket: 3
17:34:02 INFO  [co.in.va.en.ValuationResource] (executor-thread-1) Received valuation request for customer: 2990000000019
17:34:02 INFO  [co.in.va.en.ValuationResource] (executor-thread-1) Store: 0101, Mode: IN_STORE
17:34:02 INFO  [co.in.va.en.ValuationResource] (executor-thread-1) Number of items in basket: 3
17:34:05 INFO  [co.in.va.en.ValuationResource] (executor-thread-1) Received valuation request for customer: 2990000000019
17:34:05 INFO  [co.in.va.en.ValuationResource] (executor-thread-1) Store: 0101, Mode: IN_STORE
17:34:05 INFO  [co.in.va.en.ValuationResource] (executor-thread-1) Number of items in basket: 3
17:35:52 INFO  [co.in.va.en.ValuationResource] (executor-thread-1) Received valuation request for customer: null
17:35:52 INFO  [co.in.va.en.ValuationResource] (executor-thread-1) Store: 0101, Mode: IN_STORE
17:35:52 INFO  [co.in.va.en.ValuationResource] (executor-thread-1) Number of items in basket: 1
17:36:05 INFO  [co.in.va.en.ValuationResource] (executor-thread-1) Received valuation request for customer: null
17:36:05 INFO  [co.in.va.en.ValuationResource] (executor-thread-1) Store: 0101, Mode: IN_STORE
17:36:05 INFO  [co.in.va.en.ValuationResource] (executor-thread-1) Number of items in basket: 2
17:36:08 INFO  [co.in.va.en.ValuationResource] (executor-thread-1) Received valuation request for customer: null
17:36:08 INFO  [co.in.va.en.ValuationResource] (executor-thread-1) Store: 0101, Mode: IN_STORE
17:36:08 INFO  [co.in.va.en.ValuationResource] (executor-thread-1) Number of items in basket: 3
17:36:10 INFO  [co.in.va.en.ValuationResource] (executor-thread-1) Received valuation request for customer: null
17:36:10 INFO  [co.in.va.en.ValuationResource] (executor-thread-1) Store: 0101, Mode: IN_STORE
17:36:10 INFO  [co.in.va.en.ValuationResource] (executor-thread-1) Number of items in basket: 4
17:36:16 INFO  [co.in.va.en.ValuationResource] (executor-thread-1) Received valuation request for customer: null
17:36:16 INFO  [co.in.va.en.ValuationResource] (executor-thread-1) Store: 0101, Mode: IN_STORE
17:36:16 INFO  [co.in.va.en.ValuationResource] (executor-thread-1) Number of items in basket: 5
17:36:21 INFO  [co.in.va.en.ValuationResource] (executor-thread-1) Received valuation request for customer: null
17:36:21 INFO  [co.in.va.en.ValuationResource] (executor-thread-1) Store: 0101, Mode: IN_STORE
17:36:21 INFO  [co.in.va.en.ValuationResource] (executor-thread-1) Number of items in basket: 5
17:36:25 INFO  [co.in.va.en.ValuationResource] (executor-thread-1) Received valuation request for customer: null
17:36:25 INFO  [co.in.va.en.ValuationResource] (executor-thread-1) Store: 0101, Mode: IN_STORE
17:36:25 INFO  [co.in.va.en.ValuationResource] (executor-thread-1) Number of items in basket: 5
17:36:34 INFO  [co.in.va.en.ValuationResource] (executor-thread-1) Received valuation request for customer: null
17:36:34 INFO  [co.in.va.en.ValuationResource] (executor-thread-1) Store: 0101, Mode: IN_STORE
17:36:34 INFO  [co.in.va.en.ValuationResource] (executor-thread-1) Number of items in basket: 5
17:37:53 DEBUG [co.in.va.ui.OfferUiResource] (executor-thread-1) Entering method list
17:37:59 DEBUG [co.in.va.ui.ValuationUiResource] (executor-thread-1) Entering method list
17:38:00 DEBUG [co.in.va.ui.ValuationUiResource] (executor-thread-1) Entering method rows
17:38:01 DEBUG [co.in.va.ui.ValuationUiResource] (executor-thread-1) Entering method rows
17:38:02 DEBUG [co.in.va.ui.ValuationUiResource] (executor-thread-1) Entering method rows
17:38:03 DEBUG [co.in.va.ui.ValuationUiResource] (executor-thread-1) Entering method rows
17:38:04 DEBUG [co.in.va.ui.ValuationUiResource] (executor-thread-1) Entering method rows
17:38:05 DEBUG [co.in.va.ui.ValuationUiResource] (executor-thread-1) Entering method rows
17:38:06 DEBUG [co.in.va.ui.ValuationUiResource] (executor-thread-1) Entering method rows
17:38:07 DEBUG [co.in.va.ui.ValuationUiResource] (executor-thread-1) Entering method detail with id: 27
17:41:42 INFO  [co.in.va.en.ValuationResource] (executor-thread-1) Received valuation request for customer: null
17:41:42 INFO  [co.in.va.en.ValuationResource] (executor-thread-1) Store: 0101, Mode: IN_STORE
17:41:42 INFO  [co.in.va.en.ValuationResource] (executor-thread-1) Number of items in basket: 1
17:41:46 INFO  [co.in.va.en.ValuationResource] (executor-thread-1) Received valuation request for customer: null
17:41:46 INFO  [co.in.va.en.ValuationResource] (executor-thread-1) Store: 0101, Mode: IN_STORE
17:41:46 INFO  [co.in.va.en.ValuationResource] (executor-thread-1) Number of items in basket: 1
17:41:46 INFO  [co.in.va.en.ValuationResource] (executor-thread-1) Received valuation request for customer: null
17:41:46 INFO  [co.in.va.en.ValuationResource] (executor-thread-1) Store: 0101, Mode: IN_STORE
17:41:46 INFO  [co.in.va.en.ValuationResource] (executor-thread-1) Number of items in basket: 1
17:41:46 INFO  [co.in.va.en.ValuationResource] (executor-thread-1) Received valuation request for customer: null
17:41:46 INFO  [co.in.va.en.ValuationResource] (executor-thread-1) Store: 0101, Mode: IN_STORE
17:41:46 INFO  [co.in.va.en.ValuationResource] (executor-thread-1) Number of items in basket: 1
17:41:46 INFO  [co.in.va.en.ValuationResource] (executor-thread-1) Received valuation request for customer: null
17:41:46 INFO  [co.in.va.en.ValuationResource] (executor-thread-1) Store: 0101, Mode: IN_STORE
17:41:46 INFO  [co.in.va.en.ValuationResource] (executor-thread-1) Number of items in basket: 1
17:41:58 INFO  [co.in.va.en.ValuationResource] (executor-thread-1) Received valuation request for customer: null
17:41:58 INFO  [co.in.va.en.ValuationResource] (executor-thread-1) Store: 0101, Mode: IN_STORE
17:41:58 INFO  [co.in.va.en.ValuationResource] (executor-thread-1) Number of items in basket: 1
17:42:10 INFO  [co.in.va.en.ValuationResource] (executor-thread-1) Received valuation request for customer: null
17:42:10 INFO  [co.in.va.en.ValuationResource] (executor-thread-1) Store: 0101, Mode: IN_STORE
17:42:10 INFO  [co.in.va.en.ValuationResource] (executor-thread-1) Number of items in basket: 1
17:42:16 INFO  [co.in.va.en.ValuationResource] (executor-thread-1) Received valuation request for customer: null
17:42:16 INFO  [co.in.va.en.ValuationResource] (executor-thread-1) Store: 0101, Mode: IN_STORE
17:42:16 INFO  [co.in.va.en.ValuationResource] (executor-thread-1) Number of items in basket: 1
17:42:19 INFO  [co.in.va.en.ValuationResource] (executor-thread-1) Received valuation request for customer: null
17:42:19 INFO  [co.in.va.en.ValuationResource] (executor-thread-1) Store: 0101, Mode: IN_STORE
17:42:19 INFO  [co.in.va.en.ValuationResource] (executor-thread-1) Number of items in basket: 1
17:42:37 DEBUG [co.in.va.ui.ValuationUiResource] (executor-thread-1) Entering method list
17:42:38 DEBUG [co.in.va.ui.ValuationUiResource] (executor-thread-1) Entering method rows
17:42:39 DEBUG [co.in.va.ui.ValuationUiResource] (executor-thread-1) Entering method rows
17:42:40 DEBUG [co.in.va.ui.ValuationUiResource] (executor-thread-1) Entering method rows
17:42:41 DEBUG [co.in.va.ui.ValuationUiResource] (executor-thread-1) Entering method rows
17:42:42 DEBUG [co.in.va.ui.ValuationUiResource] (executor-thread-1) Entering method rows
17:42:43 DEBUG [co.in.va.ui.ValuationUiResource] (executor-thread-1) Entering method rows
17:42:44 DEBUG [co.in.va.ui.ValuationUiResource] (executor-thread-1) Entering method rows
17:42:45 DEBUG [co.in.va.ui.ValuationUiResource] (executor-thread-1) Entering method rows
17:42:46 DEBUG [co.in.va.ui.ValuationUiResource] (executor-thread-1) Entering method rows
17:42:47 DEBUG [co.in.va.ui.ValuationUiResource] (executor-thread-1) Entering method rows
17:42:48 DEBUG [co.in.va.ui.ValuationUiResource] (executor-thread-1) Entering method rows
17:42:49 DEBUG [co.in.va.ui.ValuationUiResource] (executor-thread-1) Entering method rows
17:42:50 DEBUG [co.in.va.ui.ValuationUiResource] (executor-thread-1) Entering method rows
17:42:51 DEBUG [co.in.va.ui.ValuationUiResource] (executor-thread-1) Entering method rows
17:42:52 DEBUG [co.in.va.ui.ValuationUiResource] (executor-thread-1) Entering method rows
17:42:53 DEBUG [co.in.va.ui.ValuationUiResource] (executor-thread-1) Entering method detail with id: 36
17:55:10 INFO  [co.in.va.im.ImporterCsvResource] (executor-thread-1) Starting Bulk Import from InputStream
17:55:10 INFO  [co.in.va.im.ImporterCsvResource] (executor-thread-1) Import finished. Created: 0, Updated: 0
17:55:10 INFO  [co.in.va.im.ImporterCsvResource] (executor-thread-1) Starting Bulk Import from InputStream
17:55:10 INFO  [co.in.va.im.ImporterCsvResource] (executor-thread-1) Import finished. Created: 0, Updated: 0
17:55:10 INFO  [co.in.va.im.ImporterCsvResource] (executor-thread-1) Starting Bulk Import from InputStream
17:55:12 INFO  [co.in.va.im.ImporterCsvResource] (executor-thread-1) Import finished. Created: 0, Updated: 0
17:55:12 INFO  [co.in.va.im.ImporterCsvResource] (executor-thread-1) Starting Bulk Import from InputStream
17:55:14 WARN  [co.in.va.im.ImporterCsvResource] (executor-thread-1) Failed to process chunk of size 1000 with step 1000. Retrying with step 100. Error: SubFamily code '1002' not found.
17:55:14 WARN  [co.in.va.im.ImporterCsvResource] (executor-thread-1) Failed to process chunk of size 100 with step 100. Retrying with step 10. Error: SubFamily code '1002' not found.
17:55:14 WARN  [co.in.va.im.ImporterCsvResource] (executor-thread-1) Failed to process chunk of size 10 with step 10. Retrying with step 1. Error: SubFamily code '1002' not found.
17:55:14 WARN  [co.in.va.im.ImporterCsvResource] (executor-thread-1) Failed to process chunk of size 10 with step 10. Retrying with step 1. Error: SubFamily code '10101000' not found.
17:55:14 WARN  [co.in.va.im.ImporterCsvResource] (executor-thread-1) Failed to process chunk of size 10 with step 10. Retrying with step 1. Error: SubFamily code '20363600' not found.
17:55:14 WARN  [co.in.va.im.ImporterCsvResource] (executor-thread-1) Failed to process chunk of size 10 with step 10. Retrying with step 1. Error: SubFamily code '50555500' not found.
17:55:14 WARN  [co.in.va.im.ImporterCsvResource] (executor-thread-1) Failed to process chunk of size 10 with step 10. Retrying with step 1. Error: Detached entity passed to persist: com.intermarche.valuation.domain.ProductFamily
17:55:14 WARN  [co.in.va.im.ImporterCsvResource] (executor-thread-1) Failed to process chunk of size 10 with step 10. Retrying with step 1. Error: Detached entity passed to persist: com.intermarche.valuation.domain.ProductFamily
17:55:14 WARN  [co.in.va.im.ImporterCsvResource] (executor-thread-1) Failed to process chunk of size 10 with step 10. Retrying with step 1. Error: Detached entity passed to persist: com.intermarche.valuation.domain.ProductFamily
17:55:14 WARN  [co.in.va.im.ImporterCsvResource] (executor-thread-1) Failed to process chunk of size 10 with step 10. Retrying with step 1. Error: Detached entity passed to persist: com.intermarche.valuation.domain.ProductFamily
17:55:14 WARN  [co.in.va.im.ImporterCsvResource] (executor-thread-1) Failed to process chunk of size 10 with step 10. Retrying with step 1. Error: Detached entity passed to persist: com.intermarche.valuation.domain.ProductFamily
17:55:14 WARN  [co.in.va.im.ImporterCsvResource] (executor-thread-1) Failed to process chunk of size 10 with step 10. Retrying with step 1. Error: Detached entity passed to persist: com.intermarche.valuation.domain.ProductFamily
17:55:14 WARN  [co.in.va.im.ImporterCsvResource] (executor-thread-1) Failed to process chunk of size 100 with step 100. Retrying with step 10. Error: Detached entity passed to persist: com.intermarche.valuation.domain.ProductFamily
17:55:14 WARN  [co.in.va.im.ImporterCsvResource] (executor-thread-1) Failed to process chunk of size 10 with step 10. Retrying with step 1. Error: Detached entity passed to persist: com.intermarche.valuation.domain.ProductFamily
17:55:14 WARN  [co.in.va.im.ImporterCsvResource] (executor-thread-1) Failed to process chunk of size 10 with step 10. Retrying with step 1. Error: Detached entity passed to persist: com.intermarche.valuation.domain.ProductFamily
17:55:14 WARN  [co.in.va.im.ImporterCsvResource] (executor-thread-1) Failed to process chunk of size 10 with step 10. Retrying with step 1. Error: Detached entity passed to persist: com.intermarche.valuation.domain.ProductFamily
17:55:14 WARN  [co.in.va.im.ImporterCsvResource] (executor-thread-1) Failed to process chunk of size 10 with step 10. Retrying with step 1. Error: Detached entity passed to persist: com.intermarche.valuation.domain.ProductFamily
17:55:14 WARN  [co.in.va.im.ImporterCsvResource] (executor-thread-1) Failed to process chunk of size 10 with step 10. Retrying with step 1. Error: Detached entity passed to persist: com.intermarche.valuation.domain.ProductFamily
17:55:14 WARN  [co.in.va.im.ImporterCsvResource] (executor-thread-1) Failed to process chunk of size 10 with step 10. Retrying with step 1. Error: Detached entity passed to persist: com.intermarche.valuation.domain.ProductFamily
17:55:14 WARN  [co.in.va.im.ImporterCsvResource] (executor-thread-1) Failed to process chunk of size 10 with step 10. Retrying with step 1. Error: Detached entity passed to persist: com.intermarche.valuation.domain.ProductFamily
17:55:14 WARN  [co.in.va.im.ImporterCsvResource] (executor-thread-1) Failed to process chunk of size 10 with step 10. Retrying with step 1. Error: Detached entity passed to persist: com.intermarche.valuation.domain.ProductFamily
17:55:14 WARN  [co.in.va.im.ImporterCsvResource] (executor-thread-1) Failed to process chunk of size 10 with step 10. Retrying with step 1. Error: Detached entity passed to persist: com.intermarche.valuation.domain.ProductFamily
17:55:14 WARN  [co.in.va.im.ImporterCsvResource] (executor-thread-1) Failed to process chunk of size 10 with step 10. Retrying with step 1. Error: Detached entity passed to persist: com.intermarche.valuation.domain.ProductFamily
17:55:14 WARN  [co.in.va.im.ImporterCsvResource] (executor-thread-1) Failed to process chunk of size 100 with step 100. Retrying with step 10. Error: Detached entity passed to persist: com.intermarche.valuation.domain.ProductFamily
17:55:14 WARN  [co.in.va.im.ImporterCsvResource] (executor-thread-1) Failed to process chunk of size 10 with step 10. Retrying with step 1. Error: Detached entity passed to persist: com.intermarche.valuation.domain.ProductFamily
17:55:14 WARN  [co.in.va.im.ImporterCsvResource] (executor-thread-1) Failed to process chunk of size 10 with step 10. Retrying with step 1. Error: Detached entity passed to persist: com.intermarche.valuation.domain.ProductFamily
17:55:14 WARN  [co.in.va.im.ImporterCsvResource] (executor-thread-1) Failed to process chunk of size 10 with step 10. Retrying with step 1. Error: Detached entity passed to persist: com.intermarche.valuation.domain.ProductFamily
17:55:14 WARN  [co.in.va.im.ImporterCsvResource] (executor-thread-1) Failed to process chunk of size 10 with step 10. Retrying with step 1. Error: Detached entity passed to persist: com.intermarche.valuation.domain.ProductFamily
17:55:14 WARN  [co.in.va.im.ImporterCsvResource] (executor-thread-1) Failed to process chunk of size 10 with step 10. Retrying with step 1. Error: Detached entity passed to persist: com.intermarche.valuation.domain.ProductFamily
17:55:14 WARN  [co.in.va.im.ImporterCsvResource] (executor-thread-1) Failed to process chunk of size 10 with step 10. Retrying with step 1. Error: Detached entity passed to persist: com.intermarche.valuation.domain.ProductFamily
17:55:14 WARN  [co.in.va.im.ImporterCsvResource] (executor-thread-1) Failed to process chunk of size 10 with step 10. Retrying with step 1. Error: Detached entity passed to persist: com.intermarche.valuation.domain.ProductFamily
17:55:14 WARN  [co.in.va.im.ImporterCsvResource] (executor-thread-1) Failed to process chunk of size 10 with step 10. Retrying with step 1. Error: Detached entity passed to persist: com.intermarche.valuation.domain.ProductFamily
17:55:14 WARN  [co.in.va.im.ImporterCsvResource] (executor-thread-1) Failed to process chunk of size 10 with step 10. Retrying with step 1. Error: Detached entity passed to persist: com.intermarche.valuation.domain.ProductFamily
17:55:14 WARN  [co.in.va.im.ImporterCsvResource] (executor-thread-1) Failed to process chunk of size 10 with step 10. Retrying with step 1. Error: Detached entity passed to persist: com.intermarche.valuation.domain.ProductFamily
17:55:14 WARN  [co.in.va.im.ImporterCsvResource] (executor-thread-1) Failed to process chunk of size 100 with step 100. Retrying with step 10. Error: Detached entity passed to persist: com.intermarche.valuation.domain.ProductFamily
17:55:14 WARN  [co.in.va.im.ImporterCsvResource] (executor-thread-1) Failed to process chunk of size 10 with step 10. Retrying with step 1. Error: Detached entity passed to persist: com.intermarche.valuation.domain.ProductFamily
17:55:14 WARN  [co.in.va.im.ImporterCsvResource] (executor-thread-1) Failed to process chunk of size 10 with step 10. Retrying with step 1. Error: Detached entity passed to persist: com.intermarche.valuation.domain.ProductFamily
17:55:14 WARN  [co.in.va.im.ImporterCsvResource] (executor-thread-1) Failed to process chunk of size 10 with step 10. Retrying with step 1. Error: Detached entity passed to persist: com.intermarche.valuation.domain.ProductFamily
17:55:14 WARN  [co.in.va.im.ImporterCsvResource] (executor-thread-1) Failed to process chunk of size 10 with step 10. Retrying with step 1. Error: Detached entity passed to persist: com.intermarche.valuation.domain.ProductFamily
17:55:14 WARN  [co.in.va.im.ImporterCsvResource] (executor-thread-1) Failed to process chunk of size 10 with step 10. Retrying with step 1. Error: Detached entity passed to persist: com.intermarche.valuation.domain.ProductFamily
17:55:14 WARN  [co.in.va.im.ImporterCsvResource] (executor-thread-1) Failed to process chunk of size 10 with step 10. Retrying with step 1. Error: Cannot lazily initialize collection of role 'com.intermarche.valuation.domain.ProductFamily.products' (no session)
17:55:14 WARN  [co.in.va.im.ImporterCsvResource] (executor-thread-1) Failed to process chunk of size 10 with step 10. Retrying with step 1. Error: Cannot lazily initialize collection of role 'com.intermarche.valuation.domain.ProductFamily.products' (no session)
17:55:14 WARN  [co.in.va.im.ImporterCsvResource] (executor-thread-1) Failed to process chunk of size 10 with step 10. Retrying with step 1. Error: Cannot lazily initialize collection of role 'com.intermarche.valuation.domain.ProductFamily.products' (no session)
17:55:14 WARN  [co.in.va.im.ImporterCsvResource] (executor-thread-1) Failed to process chunk of size 10 with step 10. Retrying with step 1. Error: Cannot lazily initialize collection of role 'com.intermarche.valuation.domain.ProductFamily.products' (no session)
17:55:14 WARN  [co.in.va.im.ImporterCsvResource] (executor-thread-1) Failed to process chunk of size 10 with step 10. Retrying with step 1. Error: Cannot lazily initialize collection of role 'com.intermarche.valuation.domain.ProductFamily.products' (no session)
17:55:14 WARN  [co.in.va.im.ImporterCsvResource] (executor-thread-1) Failed to process chunk of size 100 with step 100. Retrying with step 10. Error: Cannot lazily initialize collection of role 'com.intermarche.valuation.domain.ProductFamily.products' (no session)
17:55:14 WARN  [co.in.va.im.ImporterCsvResource] (executor-thread-1) Failed to process chunk of size 10 with step 10. Retrying with step 1. Error: Cannot lazily initialize collection of role 'com.intermarche.valuation.domain.ProductFamily.products' (no session)
17:55:14 WARN  [co.in.va.im.ImporterCsvResource] (executor-thread-1) Failed to process chunk of size 10 with step 10. Retrying with step 1. Error: Cannot lazily initialize collection of role 'com.intermarche.valuation.domain.ProductFamily.products' (no session)
17:55:14 WARN  [co.in.va.im.ImporterCsvResource] (executor-thread-1) Failed to process chunk of size 10 with step 10. Retrying with step 1. Error: Cannot lazily initialize collection of role 'com.intermarche.valuation.domain.ProductFamily.products' (no session)
17:55:14 WARN  [co.in.va.im.ImporterCsvResource] (executor-thread-1) Failed to process chunk of size 10 with step 10. Retrying with step 1. Error: Cannot lazily initialize collection of role 'com.intermarche.valuation.domain.ProductFamily.products' (no session)
17:55:14 WARN  [co.in.va.im.ImporterCsvResource] (executor-thread-1) Failed to process chunk of size 10 with step 10. Retrying with step 1. Error: Cannot lazily initialize collection of role 'com.intermarche.valuation.domain.ProductFamily.products' (no session)
17:55:14 WARN  [co.in.va.im.ImporterCsvResource] (executor-thread-1) Failed to process chunk of size 10 with step 10. Retrying with step 1. Error: Cannot lazily initialize collection of role 'com.intermarche.valuation.domain.ProductFamily.products' (no session)
17:55:14 WARN  [co.in.va.im.ImporterCsvResource] (executor-thread-1) Failed to process chunk of size 10 with step 10. Retrying with step 1. Error: Cannot lazily initialize collection of role 'com.intermarche.valuation.domain.ProductFamily.products' (no session)
17:55:14 WARN  [co.in.va.im.ImporterCsvResource] (executor-thread-1) Failed to process chunk of size 10 with step 10. Retrying with step 1. Error: Cannot lazily initialize collection of role 'com.intermarche.valuation.domain.ProductFamily.products' (no session)
17:55:14 WARN  [co.in.va.im.ImporterCsvResource] (executor-thread-1) Failed to process chunk of size 10 with step 10. Retrying with step 1. Error: Cannot lazily initialize collection of role 'com.intermarche.valuation.domain.ProductFamily.products' (no session)
17:55:14 WARN  [co.in.va.im.ImporterCsvResource] (executor-thread-1) Failed to process chunk of size 10 with step 10. Retrying with step 1. Error: Cannot lazily initialize collection of role 'com.intermarche.valuation.domain.ProductFamily.products' (no session)
17:55:14 WARN  [co.in.va.im.ImporterCsvResource] (executor-thread-1) Failed to process chunk of size 100 with step 100. Retrying with step 10. Error: Cannot lazily initialize collection of role 'com.intermarche.valuation.domain.ProductFamily.products' (no session)
17:55:14 WARN  [co.in.va.im.ImporterCsvResource] (executor-thread-1) Failed to process chunk of size 10 with step 10. Retrying with step 1. Error: Cannot lazily initialize collection of role 'com.intermarche.valuation.domain.ProductFamily.products' (no session)
17:55:14 WARN  [co.in.va.im.ImporterCsvResource] (executor-thread-1) Failed to process chunk of size 10 with step 10. Retrying with step 1. Error: Cannot lazily initialize collection of role 'com.intermarche.valuation.domain.ProductFamily.products' (no session)
17:55:14 WARN  [co.in.va.im.ImporterCsvResource] (executor-thread-1) Failed to process chunk of size 10 with step 10. Retrying with step 1. Error: Cannot lazily initialize collection of role 'com.intermarche.valuation.domain.ProductFamily.products' (no session)
17:55:14 WARN  [co.in.va.im.ImporterCsvResource] (executor-thread-1) Failed to process chunk of size 10 with step 10. Retrying with step 1. Error: Cannot lazily initialize collection of role 'com.intermarche.valuation.domain.ProductFamily.products' (no session)
17:55:14 WARN  [co.in.va.im.ImporterCsvResource] (executor-thread-1) Failed to process chunk of size 10 with step 10. Retrying with step 1. Error: Cannot lazily initialize collection of role 'com.intermarche.valuation.domain.ProductFamily.products' (no session)
17:55:14 WARN  [co.in.va.im.ImporterCsvResource] (executor-thread-1) Failed to process chunk of size 10 with step 10. Retrying with step 1. Error: Cannot lazily initialize collection of role 'com.intermarche.valuation.domain.ProductFamily.products' (no session)
17:55:14 WARN  [co.in.va.im.ImporterCsvResource] (executor-thread-1) Failed to process chunk of size 10 with step 10. Retrying with step 1. Error: Cannot lazily initialize collection of role 'com.intermarche.valuation.domain.ProductFamily.products' (no session)
17:55:15 WARN  [co.in.va.im.ImporterCsvResource] (executor-thread-1) Failed to process chunk of size 10 with step 10. Retrying with step 1. Error: Cannot lazily initialize collection of role 'com.intermarche.valuation.domain.ProductFamily.products' (no session)
17:55:15 WARN  [co.in.va.im.ImporterCsvResource] (executor-thread-1) Failed to process chunk of size 10 with step 10. Retrying with step 1. Error: Cannot lazily initialize collection of role 'com.intermarche.valuation.domain.ProductFamily.products' (no session)
17:55:15 WARN  [co.in.va.im.ImporterCsvResource] (executor-thread-1) Failed to process chunk of size 10 with step 10. Retrying with step 1. Error: Cannot lazily initialize collection of role 'com.intermarche.valuation.domain.ProductFamily.products' (no session)
17:55:15 WARN  [co.in.va.im.ImporterCsvResource] (executor-thread-1) Failed to process chunk of size 100 with step 100. Retrying with step 10. Error: Cannot lazily initialize collection of role 'com.intermarche.valuation.domain.ProductFamily.products' (no session)
17:55:15 WARN  [co.in.va.im.ImporterCsvResource] (executor-thread-1) Failed to process chunk of size 10 with step 10. Retrying with step 1. Error: Cannot lazily initialize collection of role 'com.intermarche.valuation.domain.ProductFamily.products' (no session)
17:55:15 WARN  [co.in.va.im.ImporterCsvResource] (executor-thread-1) Failed to process chunk of size 10 with step 10. Retrying with step 1. Error: Cannot lazily initialize collection of role 'com.intermarche.valuation.domain.ProductFamily.products' (no session)
17:55:15 WARN  [co.in.va.im.ImporterCsvResource] (executor-thread-1) Failed to process chunk of size 10 with step 10. Retrying with step 1. Error: Cannot lazily initialize collection of role 'com.intermarche.valuation.domain.ProductFamily.products' (no session)
17:55:15 WARN  [co.in.va.im.ImporterCsvResource] (executor-thread-1) Failed to process chunk of size 10 with step 10. Retrying with step 1. Error: Cannot lazily initialize collection of role 'com.intermarche.valuation.domain.ProductFamily.products' (no session)
17:55:15 WARN  [co.in.va.im.ImporterCsvResource] (executor-thread-1) Failed to process chunk of size 10 with step 10. Retrying with step 1. Error: Cannot lazily initialize collection of role 'com.intermarche.valuation.domain.ProductFamily.products' (no session)
17:55:15 WARN  [co.in.va.im.ImporterCsvResource] (executor-thread-1) Failed to process chunk of size 10 with step 10. Retrying with step 1. Error: Cannot lazily initialize collection of role 'com.intermarche.valuation.domain.ProductFamily.products' (no session)
17:55:15 WARN  [co.in.va.im.ImporterCsvResource] (executor-thread-1) Failed to process chunk of size 10 with step 10. Retrying with step 1. Error: Cannot lazily initialize collection of role 'com.intermarche.valuation.domain.ProductFamily.products' (no session)
17:55:15 WARN  [co.in.va.im.ImporterCsvResource] (executor-thread-1) Failed to process chunk of size 10 with step 10. Retrying with step 1. Error: Cannot lazily initialize collection of role 'com.intermarche.valuation.domain.ProductFamily.products' (no session)
17:55:15 WARN  [co.in.va.im.ImporterCsvResource] (executor-thread-1) Failed to process chunk of size 10 with step 10. Retrying with step 1. Error: Cannot lazily initialize collection of role 'com.intermarche.valuation.domain.ProductFamily.products' (no session)
17:55:15 WARN  [co.in.va.im.ImporterCsvResource] (executor-thread-1) Failed to process chunk of size 10 with step 10. Retrying with step 1. Error: Cannot lazily initialize collection of role 'com.intermarche.valuation.domain.ProductFamily.products' (no session)
17:55:15 WARN  [co.in.va.im.ImporterCsvResource] (executor-thread-1) Failed to process chunk of size 100 with step 100. Retrying with step 10. Error: Cannot lazily initialize collection of role 'com.intermarche.valuation.domain.ProductFamily.products' (no session)
17:55:15 WARN  [co.in.va.im.ImporterCsvResource] (executor-thread-1) Failed to process chunk of size 10 with step 10. Retrying with step 1. Error: Cannot lazily initialize collection of role 'com.intermarche.valuation.domain.ProductFamily.products' (no session)
17:55:15 WARN  [co.in.va.im.ImporterCsvResource] (executor-thread-1) Failed to process chunk of size 10 with step 10. Retrying with step 1. Error: Cannot lazily initialize collection of role 'com.intermarche.valuation.domain.ProductFamily.products' (no session)
17:55:15 WARN  [co.in.va.im.ImporterCsvResource] (executor-thread-1) Failed to process chunk of size 10 with step 10. Retrying with step 1. Error: Cannot lazily initialize collection of role 'com.intermarche.valuation.domain.ProductFamily.products' (no session)
17:55:15 WARN  [co.in.va.im.ImporterCsvResource] (executor-thread-1) Failed to process chunk of size 10 with step 10. Retrying with step 1. Error: Cannot lazily initialize collection of role 'com.intermarche.valuation.domain.ProductFamily.products' (no session)
17:55:15 WARN  [co.in.va.im.ImporterCsvResource] (executor-thread-1) Failed to process chunk of size 10 with step 10. Retrying with step 1. Error: Cannot lazily initialize collection of role 'com.intermarche.valuation.domain.ProductFamily.products' (no session)
17:55:15 WARN  [co.in.va.im.ImporterCsvResource] (executor-thread-1) Failed to process chunk of size 10 with step 10. Retrying with step 1. Error: Cannot lazily initialize collection of role 'com.intermarche.valuation.domain.ProductFamily.products' (no session)
17:55:15 WARN  [co.in.va.im.ImporterCsvResource] (executor-thread-1) Failed to process chunk of size 10 with step 10. Retrying with step 1. Error: Cannot lazily initialize collection of role 'com.intermarche.valuation.domain.ProductFamily.products' (no session)
17:55:15 WARN  [co.in.va.im.ImporterCsvResource] (executor-thread-1) Failed to process chunk of size 10 with step 10. Retrying with step 1. Error: Cannot lazily initialize collection of role 'com.intermarche.valuation.domain.ProductFamily.products' (no session)
17:55:15 WARN  [co.in.va.im.ImporterCsvResource] (executor-thread-1) Failed to process chunk of size 10 with step 10. Retrying with step 1. Error: Cannot lazily initialize collection of role 'com.intermarche.valuation.domain.ProductFamily.products' (no session)
17:55:15 WARN  [co.in.va.im.ImporterCsvResource] (executor-thread-1) Failed to process chunk of size 10 with step 10. Retrying with step 1. Error: Cannot lazily initialize collection of role 'com.intermarche.valuation.domain.ProductFamily.products' (no session)
17:55:15 WARN  [co.in.va.im.ImporterCsvResource] (executor-thread-1) Failed to process chunk of size 100 with step 100. Retrying with step 10. Error: Cannot lazily initialize collection of role 'com.intermarche.valuation.domain.ProductFamily.products' (no session)
17:55:15 WARN  [co.in.va.im.ImporterCsvResource] (executor-thread-1) Failed to process chunk of size 10 with step 10. Retrying with step 1. Error: Cannot lazily initialize collection of role 'com.intermarche.valuation.domain.ProductFamily.products' (no session)
17:55:15 WARN  [co.in.va.im.ImporterCsvResource] (executor-thread-1) Failed to process chunk of size 10 with step 10. Retrying with step 1. Error: Cannot lazily initialize collection of role 'com.intermarche.valuation.domain.ProductFamily.products' (no session)
17:55:15 WARN  [co.in.va.im.ImporterCsvResource] (executor-thread-1) Failed to process chunk of size 10 with step 10. Retrying with step 1. Error: Cannot lazily initialize collection of role 'com.intermarche.valuation.domain.ProductFamily.products' (no session)
17:55:15 WARN  [co.in.va.im.ImporterCsvResource] (executor-thread-1) Failed to process chunk of size 10 with step 10. Retrying with step 1. Error: Cannot lazily initialize collection of role 'com.intermarche.valuation.domain.ProductFamily.products' (no session)
17:55:15 WARN  [co.in.va.im.ImporterCsvResource] (executor-thread-1) Failed to process chunk of size 10 with step 10. Retrying with step 1. Error: Cannot lazily initialize collection of role 'com.intermarche.valuation.domain.ProductFamily.products' (no session)
17:55:15 WARN  [co.in.va.im.ImporterCsvResource] (executor-thread-1) Failed to process chunk of size 10 with step 10. Retrying with step 1. Error: Cannot lazily initialize collection of role 'com.intermarche.valuation.domain.ProductFamily.products' (no session)
17:55:15 WARN  [co.in.va.im.ImporterCsvResource] (executor-thread-1) Failed to process chunk of size 10 with step 10. Retrying with step 1. Error: Cannot lazily initialize collection of role 'com.intermarche.valuation.domain.ProductFamily.products' (no session)
17:55:15 WARN  [co.in.va.im.ImporterCsvResource] (executor-thread-1) Failed to process chunk of size 10 with step 10. Retrying with step 1. Error: Cannot lazily initialize collection of role 'com.intermarche.valuation.domain.ProductFamily.products' (no session)
17:55:15 WARN  [co.in.va.im.ImporterCsvResource] (executor-thread-1) Failed to process chunk of size 10 with step 10. Retrying with step 1. Error: Cannot lazily initialize collection of role 'com.intermarche.valuation.domain.ProductFamily.products' (no session)
17:55:15 WARN  [co.in.va.im.ImporterCsvResource] (executor-thread-1) Failed to process chunk of size 10 with step 10. Retrying with step 1. Error: Cannot lazily initialize collection of role 'com.intermarche.valuation.domain.ProductFamily.products' (no session)
17:55:15 WARN  [co.in.va.im.ImporterCsvResource] (executor-thread-1) Failed to process chunk of size 100 with step 100. Retrying with step 10. Error: Cannot lazily initialize collection of role 'com.intermarche.valuation.domain.ProductFamily.products' (no session)
17:55:15 WARN  [co.in.va.im.ImporterCsvResource] (executor-thread-1) Failed to process chunk of size 10 with step 10. Retrying with step 1. Error: Cannot lazily initialize collection of role 'com.intermarche.valuation.domain.ProductFamily.products' (no session)
17:55:15 WARN  [co.in.va.im.ImporterCsvResource] (executor-thread-1) Failed to process chunk of size 10 with step 10. Retrying with step 1. Error: Cannot lazily initialize collection of role 'com.intermarche.valuation.domain.ProductFamily.products' (no session)
17:55:15 WARN  [co.in.va.im.ImporterCsvResource] (executor-thread-1) Failed to process chunk of size 10 with step 10. Retrying with step 1. Error: Cannot lazily initialize collection of role 'com.intermarche.valuation.domain.ProductFamily.products' (no session)
17:55:15 WARN  [co.in.va.im.ImporterCsvResource] (executor-thread-1) Failed to process chunk of size 10 with step 10. Retrying with step 1. Error: Cannot lazily initialize collection of role 'com.intermarche.valuation.domain.ProductFamily.products' (no session)
17:55:15 WARN  [co.in.va.im.ImporterCsvResource] (executor-thread-1) Failed to process chunk of size 10 with step 10. Retrying with step 1. Error: Cannot lazily initialize collection of role 'com.intermarche.valuation.domain.ProductFamily.products' (no session)
17:55:15 WARN  [co.in.va.im.ImporterCsvResource] (executor-thread-1) Failed to process chunk of size 10 with step 10. Retrying with step 1. Error: Cannot lazily initialize collection of role 'com.intermarche.valuation.domain.ProductFamily.products' (no session)
17:55:15 WARN  [co.in.va.im.ImporterCsvResource] (executor-thread-1) Failed to process chunk of size 10 with step 10. Retrying with step 1. Error: Cannot lazily initialize collection of role 'com.intermarche.valuation.domain.ProductFamily.products' (no session)
17:55:15 WARN  [co.in.va.im.ImporterCsvResource] (executor-thread-1) Failed to process chunk of size 10 with step 10. Retrying with step 1. Error: Cannot lazily initialize collection of role 'com.intermarche.valuation.domain.ProductFamily.products' (no session)
17:55:15 WARN  [co.in.va.im.ImporterCsvResource] (executor-thread-1) Failed to process chunk of size 10 with step 10. Retrying with step 1. Error: Cannot lazily initialize collection of role 'com.intermarche.valuation.domain.ProductFamily.products' (no session)
17:55:15 WARN  [co.in.va.im.ImporterCsvResource] (executor-thread-1) Failed to process chunk of size 10 with step 10. Retrying with step 1. Error: Cannot lazily initialize collection of role 'com.intermarche.valuation.domain.ProductFamily.products' (no session)
17:55:16 INFO  [co.in.va.im.ImporterCsvResource] (executor-thread-1) Import finished. Created: 303, Updated: 0
17:55:16 INFO  [co.in.va.im.ImporterCsvResource] (executor-thread-1) Starting Bulk Import from InputStream
17:55:21 INFO  [co.in.va.im.ImporterCsvResource] (executor-thread-1) Import finished. Created: 0, Updated: 0
17:55:21 INFO  [co.in.va.im.ImporterCsvResource] (executor-thread-1) Starting Bulk Import from InputStream
17:55:21 INFO  [co.in.va.im.ImporterCsvResource] (executor-thread-1) Import finished. Created: 0, Updated: 0
17:55:21 INFO  [co.in.va.im.ImporterCsvResource] (executor-thread-1) Starting Bulk Import from InputStream
17:55:29 INFO  [co.in.va.im.ImporterCsvResource] (executor-thread-1) Import finished. Created: 0, Updated: 0
17:55:29 INFO  [co.in.va.im.ImporterCsvResource] (executor-thread-1) Starting Bulk Import from InputStream
17:55:29 INFO  [co.in.va.im.ImporterCsvResource] (executor-thread-1) Import finished. Created: 0, Updated: 0
18:03:33 INFO  [co.in.va.im.ImporterCsvResource] (executor-thread-1) Starting Bulk Import from InputStream
18:03:33 INFO  [co.in.va.im.ImporterCsvResource] (executor-thread-1) Import finished. Created: 0, Updated: 0
18:03:33 INFO  [co.in.va.im.ImporterCsvResource] (executor-thread-1) Starting Bulk Import from InputStream
18:03:33 INFO  [co.in.va.im.ImporterCsvResource] (executor-thread-1) Import finished. Created: 0, Updated: 0
18:03:33 INFO  [co.in.va.im.ImporterCsvResource] (executor-thread-1) Starting Bulk Import from InputStream
18:03:36 INFO  [co.in.va.im.ImporterCsvResource] (executor-thread-1) Import finished. Created: 0, Updated: 0
18:03:36 INFO  [co.in.va.im.ImporterCsvResource] (executor-thread-1) Starting Bulk Import from InputStream
18:03:37 WARN  [co.in.va.im.ImporterCsvResource] (executor-thread-1) Failed to process chunk of size 1000 with step 1000. Retrying with step 100. Error: SubFamily code '1002' not found.
18:03:37 WARN  [co.in.va.im.ImporterCsvResource] (executor-thread-1) Failed to process chunk of size 100 with step 100. Retrying with step 10. Error: SubFamily code '1002' not found.
18:03:37 WARN  [co.in.va.im.ImporterCsvResource] (executor-thread-1) Failed to process chunk of size 10 with step 10. Retrying with step 1. Error: SubFamily code '1002' not found.
18:03:37 WARN  [co.in.va.im.ImporterCsvResource] (executor-thread-1) Failed to process chunk of size 10 with step 10. Retrying with step 1. Error: Detached entity passed to persist: com.intermarche.valuation.domain.ProductFamily
18:03:37 WARN  [co.in.va.im.ImporterCsvResource] (executor-thread-1) Failed to process chunk of size 10 with step 10. Retrying with step 1. Error: Detached entity passed to persist: com.intermarche.valuation.domain.ProductFamily
18:03:37 WARN  [co.in.va.im.ImporterCsvResource] (executor-thread-1) Failed to process chunk of size 10 with step 10. Retrying with step 1. Error: Detached entity passed to persist: com.intermarche.valuation.domain.ProductFamily
18:03:37 WARN  [co.in.va.im.ImporterCsvResource] (executor-thread-1) Failed to process chunk of size 10 with step 10. Retrying with step 1. Error: Cannot lazily initialize collection of role 'com.intermarche.valuation.domain.ProductFamily.products' (no session)
18:03:37 WARN  [co.in.va.im.ImporterCsvResource] (executor-thread-1) Failed to process chunk of size 10 with step 10. Retrying with step 1. Error: Cannot lazily initialize collection of role 'com.intermarche.valuation.domain.ProductFamily.products' (no session)
18:03:37 WARN  [co.in.va.im.ImporterCsvResource] (executor-thread-1) Failed to process chunk of size 10 with step 10. Retrying with step 1. Error: Cannot lazily initialize collection of role 'com.intermarche.valuation.domain.ProductFamily.products' (no session)
18:03:37 WARN  [co.in.va.im.ImporterCsvResource] (executor-thread-1) Failed to process chunk of size 10 with step 10. Retrying with step 1. Error: Cannot lazily initialize collection of role 'com.intermarche.valuation.domain.ProductFamily.products' (no session)
18:03:37 WARN  [co.in.va.im.ImporterCsvResource] (executor-thread-1) Failed to process chunk of size 10 with step 10. Retrying with step 1. Error: Cannot lazily initialize collection of role 'com.intermarche.valuation.domain.ProductFamily.products' (no session)
18:03:37 WARN  [co.in.va.im.ImporterCsvResource] (executor-thread-1) Failed to process chunk of size 10 with step 10. Retrying with step 1. Error: Cannot lazily initialize collection of role 'com.intermarche.valuation.domain.ProductFamily.products' (no session)
18:03:37 WARN  [co.in.va.im.ImporterCsvResource] (executor-thread-1) Failed to process chunk of size 100 with step 100. Retrying with step 10. Error: Cannot lazily initialize collection of role 'com.intermarche.valuation.domain.ProductFamily.products' (no session)
18:03:37 WARN  [co.in.va.im.ImporterCsvResource] (executor-thread-1) Failed to process chunk of size 10 with step 10. Retrying with step 1. Error: Cannot lazily initialize collection of role 'com.intermarche.valuation.domain.ProductFamily.products' (no session)
18:03:37 WARN  [co.in.va.im.ImporterCsvResource] (executor-thread-1) Failed to process chunk of size 10 with step 10. Retrying with step 1. Error: Cannot lazily initialize collection of role 'com.intermarche.valuation.domain.ProductFamily.products' (no session)
18:03:37 WARN  [co.in.va.im.ImporterCsvResource] (executor-thread-1) Failed to process chunk of size 10 with step 10. Retrying with step 1. Error: Cannot lazily initialize collection of role 'com.intermarche.valuation.domain.ProductFamily.products' (no session)
18:03:37 WARN  [co.in.va.im.ImporterCsvResource] (executor-thread-1) Failed to process chunk of size 10 with step 10. Retrying with step 1. Error: Cannot lazily initialize collection of role 'com.intermarche.valuation.domain.ProductFamily.products' (no session)
18:03:37 WARN  [co.in.va.im.ImporterCsvResource] (executor-thread-1) Failed to process chunk of size 10 with step 10. Retrying with step 1. Error: Cannot lazily initialize collection of role 'com.intermarche.valuation.domain.ProductFamily.products' (no session)
18:03:37 WARN  [co.in.va.im.ImporterCsvResource] (executor-thread-1) Failed to process chunk of size 10 with step 10. Retrying with step 1. Error: Cannot lazily initialize collection of role 'com.intermarche.valuation.domain.ProductFamily.products' (no session)
18:03:37 WARN  [co.in.va.im.ImporterCsvResource] (executor-thread-1) Failed to process chunk of size 10 with step 10. Retrying with step 1. Error: Cannot lazily initialize collection of role 'com.intermarche.valuation.domain.ProductFamily.products' (no session)
18:03:38 WARN  [co.in.va.im.ImporterCsvResource] (executor-thread-1) Failed to process chunk of size 10 with step 10. Retrying with step 1. Error: Cannot lazily initialize collection of role 'com.intermarche.valuation.domain.ProductFamily.products' (no session)
18:03:38 WARN  [co.in.va.im.ImporterCsvResource] (executor-thread-1) Failed to process chunk of size 10 with step 10. Retrying with step 1. Error: Cannot lazily initialize collection of role 'com.intermarche.valuation.domain.ProductFamily.products' (no session)
18:03:38 WARN  [co.in.va.im.ImporterCsvResource] (executor-thread-1) Failed to process chunk of size 10 with step 10. Retrying with step 1. Error: Cannot lazily initialize collection of role 'com.intermarche.valuation.domain.ProductFamily.products' (no session)
18:03:38 WARN  [co.in.va.im.ImporterCsvResource] (executor-thread-1) Failed to process chunk of size 100 with step 100. Retrying with step 10. Error: Cannot lazily initialize collection of role 'com.intermarche.valuation.domain.ProductFamily.products' (no session)
18:03:38 WARN  [co.in.va.im.ImporterCsvResource] (executor-thread-1) Failed to process chunk of size 10 with step 10. Retrying with step 1. Error: Cannot lazily initialize collection of role 'com.intermarche.valuation.domain.ProductFamily.products' (no session)
18:03:38 WARN  [co.in.va.im.ImporterCsvResource] (executor-thread-1) Failed to process chunk of size 10 with step 10. Retrying with step 1. Error: Cannot lazily initialize collection of role 'com.intermarche.valuation.domain.ProductFamily.products' (no session)
18:03:38 WARN  [co.in.va.im.ImporterCsvResource] (executor-thread-1) Failed to process chunk of size 10 with step 10. Retrying with step 1. Error: Cannot lazily initialize collection of role 'com.intermarche.valuation.domain.ProductFamily.products' (no session)
18:03:38 WARN  [co.in.va.im.ImporterCsvResource] (executor-thread-1) Failed to process chunk of size 10 with step 10. Retrying with step 1. Error: Cannot lazily initialize collection of role 'com.intermarche.valuation.domain.ProductFamily.products' (no session)
18:03:38 WARN  [co.in.va.im.ImporterCsvResource] (executor-thread-1) Failed to process chunk of size 10 with step 10. Retrying with step 1. Error: Cannot lazily initialize collection of role 'com.intermarche.valuation.domain.ProductFamily.products' (no session)
18:03:38 WARN  [co.in.va.im.ImporterCsvResource] (executor-thread-1) Failed to process chunk of size 10 with step 10. Retrying with step 1. Error: Cannot lazily initialize collection of role 'com.intermarche.valuation.domain.ProductFamily.products' (no session)
18:03:38 WARN  [co.in.va.im.ImporterCsvResource] (executor-thread-1) Failed to process chunk of size 10 with step 10. Retrying with step 1. Error: Cannot lazily initialize collection of role 'com.intermarche.valuation.domain.ProductFamily.products' (no session)
18:03:38 WARN  [co.in.va.im.ImporterCsvResource] (executor-thread-1) Failed to process chunk of size 10 with step 10. Retrying with step 1. Error: Cannot lazily initialize collection of role 'com.intermarche.valuation.domain.ProductFamily.products' (no session)
18:03:38 WARN  [co.in.va.im.ImporterCsvResource] (executor-thread-1) Failed to process chunk of size 10 with step 10. Retrying with step 1. Error: Cannot lazily initialize collection of role 'com.intermarche.valuation.domain.ProductFamily.products' (no session)
18:03:38 WARN  [co.in.va.im.ImporterCsvResource] (executor-thread-1) Failed to process chunk of size 10 with step 10. Retrying with step 1. Error: Cannot lazily initialize collection of role 'com.intermarche.valuation.domain.ProductFamily.products' (no session)
18:03:38 WARN  [co.in.va.im.ImporterCsvResource] (executor-thread-1) Failed to process chunk of size 100 with step 100. Retrying with step 10. Error: Cannot lazily initialize collection of role 'com.intermarche.valuation.domain.ProductFamily.products' (no session)
18:03:38 WARN  [co.in.va.im.ImporterCsvResource] (executor-thread-1) Failed to process chunk of size 10 with step 10. Retrying with step 1. Error: Cannot lazily initialize collection of role 'com.intermarche.valuation.domain.ProductFamily.products' (no session)
18:03:38 WARN  [co.in.va.im.ImporterCsvResource] (executor-thread-1) Failed to process chunk of size 10 with step 10. Retrying with step 1. Error: Cannot lazily initialize collection of role 'com.intermarche.valuation.domain.ProductFamily.products' (no session)
18:03:38 WARN  [co.in.va.im.ImporterCsvResource] (executor-thread-1) Failed to process chunk of size 10 with step 10. Retrying with step 1. Error: Cannot lazily initialize collection of role 'com.intermarche.valuation.domain.ProductFamily.products' (no session)
18:03:38 WARN  [co.in.va.im.ImporterCsvResource] (executor-thread-1) Failed to process chunk of size 10 with step 10. Retrying with step 1. Error: Cannot lazily initialize collection of role 'com.intermarche.valuation.domain.ProductFamily.products' (no session)
18:03:38 WARN  [co.in.va.im.ImporterCsvResource] (executor-thread-1) Failed to process chunk of size 10 with step 10. Retrying with step 1. Error: Cannot lazily initialize collection of role 'com.intermarche.valuation.domain.ProductFamily.products' (no session)
18:03:38 WARN  [co.in.va.im.ImporterCsvResource] (executor-thread-1) Failed to process chunk of size 10 with step 10. Retrying with step 1. Error: Cannot lazily initialize collection of role 'com.intermarche.valuation.domain.ProductFamily.products' (no session)
18:03:38 WARN  [co.in.va.im.ImporterCsvResource] (executor-thread-1) Failed to process chunk of size 10 with step 10. Retrying with step 1. Error: Cannot lazily initialize collection of role 'com.intermarche.valuation.domain.ProductFamily.products' (no session)
18:03:38 WARN  [co.in.va.im.ImporterCsvResource] (executor-thread-1) Failed to process chunk of size 10 with step 10. Retrying with step 1. Error: Cannot lazily initialize collection of role 'com.intermarche.valuation.domain.ProductFamily.products' (no session)
18:03:38 WARN  [co.in.va.im.ImporterCsvResource] (executor-thread-1) Failed to process chunk of size 10 with step 10. Retrying with step 1. Error: Cannot lazily initialize collection of role 'com.intermarche.valuation.domain.ProductFamily.products' (no session)
18:03:38 WARN  [co.in.va.im.ImporterCsvResource] (executor-thread-1) Failed to process chunk of size 10 with step 10. Retrying with step 1. Error: Cannot lazily initialize collection of role 'com.intermarche.valuation.domain.ProductFamily.products' (no session)
18:03:38 WARN  [co.in.va.im.ImporterCsvResource] (executor-thread-1) Failed to process chunk of size 100 with step 100. Retrying with step 10. Error: Cannot lazily initialize collection of role 'com.intermarche.valuation.domain.ProductFamily.products' (no session)
18:03:38 WARN  [co.in.va.im.ImporterCsvResource] (executor-thread-1) Failed to process chunk of size 10 with step 10. Retrying with step 1. Error: Cannot lazily initialize collection of role 'com.intermarche.valuation.domain.ProductFamily.products' (no session)
18:03:38 WARN  [co.in.va.im.ImporterCsvResource] (executor-thread-1) Failed to process chunk of size 10 with step 10. Retrying with step 1. Error: Cannot lazily initialize collection of role 'com.intermarche.valuation.domain.ProductFamily.products' (no session)
18:03:38 WARN  [co.in.va.im.ImporterCsvResource] (executor-thread-1) Failed to process chunk of size 10 with step 10. Retrying with step 1. Error: Cannot lazily initialize collection of role 'com.intermarche.valuation.domain.ProductFamily.products' (no session)
18:03:38 WARN  [co.in.va.im.ImporterCsvResource] (executor-thread-1) Failed to process chunk of size 10 with step 10. Retrying with step 1. Error: Cannot lazily initialize collection of role 'com.intermarche.valuation.domain.ProductFamily.products' (no session)
18:03:38 WARN  [co.in.va.im.ImporterCsvResource] (executor-thread-1) Failed to process chunk of size 10 with step 10. Retrying with step 1. Error: Cannot lazily initialize collection of role 'com.intermarche.valuation.domain.ProductFamily.products' (no session)
18:03:38 WARN  [co.in.va.im.ImporterCsvResource] (executor-thread-1) Failed to process chunk of size 10 with step 10. Retrying with step 1. Error: Cannot lazily initialize collection of role 'com.intermarche.valuation.domain.ProductFamily.products' (no session)
18:03:38 WARN  [co.in.va.im.ImporterCsvResource] (executor-thread-1) Failed to process chunk of size 10 with step 10. Retrying with step 1. Error: Cannot lazily initialize collection of role 'com.intermarche.valuation.domain.ProductFamily.products' (no session)
18:03:38 WARN  [co.in.va.im.ImporterCsvResource] (executor-thread-1) Failed to process chunk of size 10 with step 10. Retrying with step 1. Error: Cannot lazily initialize collection of role 'com.intermarche.valuation.domain.ProductFamily.products' (no session)
18:03:38 WARN  [co.in.va.im.ImporterCsvResource] (executor-thread-1) Failed to process chunk of size 10 with step 10. Retrying with step 1. Error: Cannot lazily initialize collection of role 'com.intermarche.valuation.domain.ProductFamily.products' (no session)
18:03:38 WARN  [co.in.va.im.ImporterCsvResource] (executor-thread-1) Failed to process chunk of size 10 with step 10. Retrying with step 1. Error: Cannot lazily initialize collection of role 'com.intermarche.valuation.domain.ProductFamily.products' (no session)
18:03:38 WARN  [co.in.va.im.ImporterCsvResource] (executor-thread-1) Failed to process chunk of size 100 with step 100. Retrying with step 10. Error: Cannot lazily initialize collection of role 'com.intermarche.valuation.domain.ProductFamily.products' (no session)
18:03:38 WARN  [co.in.va.im.ImporterCsvResource] (executor-thread-1) Failed to process chunk of size 10 with step 10. Retrying with step 1. Error: Cannot lazily initialize collection of role 'com.intermarche.valuation.domain.ProductFamily.products' (no session)
18:03:38 WARN  [co.in.va.im.ImporterCsvResource] (executor-thread-1) Failed to process chunk of size 10 with step 10. Retrying with step 1. Error: Cannot lazily initialize collection of role 'com.intermarche.valuation.domain.ProductFamily.products' (no session)
18:03:38 WARN  [co.in.va.im.ImporterCsvResource] (executor-thread-1) Failed to process chunk of size 10 with step 10. Retrying with step 1. Error: Cannot lazily initialize collection of role 'com.intermarche.valuation.domain.ProductFamily.products' (no session)
18:03:38 WARN  [co.in.va.im.ImporterCsvResource] (executor-thread-1) Failed to process chunk of size 10 with step 10. Retrying with step 1. Error: Cannot lazily initialize collection of role 'com.intermarche.valuation.domain.ProductFamily.products' (no session)
18:03:38 WARN  [co.in.va.im.ImporterCsvResource] (executor-thread-1) Failed to process chunk of size 10 with step 10. Retrying with step 1. Error: Cannot lazily initialize collection of role 'com.intermarche.valuation.domain.ProductFamily.products' (no session)
18:03:38 WARN  [co.in.va.im.ImporterCsvResource] (executor-thread-1) Failed to process chunk of size 10 with step 10. Retrying with step 1. Error: Cannot lazily initialize collection of role 'com.intermarche.valuation.domain.ProductFamily.products' (no session)
18:03:38 WARN  [co.in.va.im.ImporterCsvResource] (executor-thread-1) Failed to process chunk of size 10 with step 10. Retrying with step 1. Error: Cannot lazily initialize collection of role 'com.intermarche.valuation.domain.ProductFamily.products' (no session)
18:03:38 WARN  [co.in.va.im.ImporterCsvResource] (executor-thread-1) Failed to process chunk of size 10 with step 10. Retrying with step 1. Error: Cannot lazily initialize collection of role 'com.intermarche.valuation.domain.ProductFamily.products' (no session)
18:03:38 WARN  [co.in.va.im.ImporterCsvResource] (executor-thread-1) Failed to process chunk of size 10 with step 10. Retrying with step 1. Error: Cannot lazily initialize collection of role 'com.intermarche.valuation.domain.ProductFamily.products' (no session)
18:03:38 WARN  [co.in.va.im.ImporterCsvResource] (executor-thread-1) Failed to process chunk of size 10 with step 10. Retrying with step 1. Error: Cannot lazily initialize collection of role 'com.intermarche.valuation.domain.ProductFamily.products' (no session)
18:03:38 WARN  [co.in.va.im.ImporterCsvResource] (executor-thread-1) Failed to process chunk of size 100 with step 100. Retrying with step 10. Error: Cannot lazily initialize collection of role 'com.intermarche.valuation.domain.ProductFamily.products' (no session)
18:03:38 WARN  [co.in.va.im.ImporterCsvResource] (executor-thread-1) Failed to process chunk of size 10 with step 10. Retrying with step 1. Error: Cannot lazily initialize collection of role 'com.intermarche.valuation.domain.ProductFamily.products' (no session)
18:03:38 WARN  [co.in.va.im.ImporterCsvResource] (executor-thread-1) Failed to process chunk of size 10 with step 10. Retrying with step 1. Error: Cannot lazily initialize collection of role 'com.intermarche.valuation.domain.ProductFamily.products' (no session)
18:03:38 WARN  [co.in.va.im.ImporterCsvResource] (executor-thread-1) Failed to process chunk of size 10 with step 10. Retrying with step 1. Error: Cannot lazily initialize collection of role 'com.intermarche.valuation.domain.ProductFamily.products' (no session)
18:03:38 WARN  [co.in.va.im.ImporterCsvResource] (executor-thread-1) Failed to process chunk of size 10 with step 10. Retrying with step 1. Error: Cannot lazily initialize collection of role 'com.intermarche.valuation.domain.ProductFamily.products' (no session)
18:03:38 WARN  [co.in.va.im.ImporterCsvResource] (executor-thread-1) Failed to process chunk of size 10 with step 10. Retrying with step 1. Error: Cannot lazily initialize collection of role 'com.intermarche.valuation.domain.ProductFamily.products' (no session)
18:03:38 WARN  [co.in.va.im.ImporterCsvResource] (executor-thread-1) Failed to process chunk of size 10 with step 10. Retrying with step 1. Error: Cannot lazily initialize collection of role 'com.intermarche.valuation.domain.ProductFamily.products' (no session)
18:03:38 WARN  [co.in.va.im.ImporterCsvResource] (executor-thread-1) Failed to process chunk of size 10 with step 10. Retrying with step 1. Error: Cannot lazily initialize collection of role 'com.intermarche.valuation.domain.ProductFamily.products' (no session)
18:03:38 WARN  [co.in.va.im.ImporterCsvResource] (executor-thread-1) Failed to process chunk of size 10 with step 10. Retrying with step 1. Error: Cannot lazily initialize collection of role 'com.intermarche.valuation.domain.ProductFamily.products' (no session)
18:03:38 WARN  [co.in.va.im.ImporterCsvResource] (executor-thread-1) Failed to process chunk of size 10 with step 10. Retrying with step 1. Error: Cannot lazily initialize collection of role 'com.intermarche.valuation.domain.ProductFamily.products' (no session)
18:03:38 WARN  [co.in.va.im.ImporterCsvResource] (executor-thread-1) Failed to process chunk of size 10 with step 10. Retrying with step 1. Error: Cannot lazily initialize collection of role 'com.intermarche.valuation.domain.ProductFamily.products' (no session)
18:03:38 WARN  [co.in.va.im.ImporterCsvResource] (executor-thread-1) Failed to process chunk of size 100 with step 100. Retrying with step 10. Error: Cannot lazily initialize collection of role 'com.intermarche.valuation.domain.ProductFamily.products' (no session)
18:03:38 WARN  [co.in.va.im.ImporterCsvResource] (executor-thread-1) Failed to process chunk of size 10 with step 10. Retrying with step 1. Error: Cannot lazily initialize collection of role 'com.intermarche.valuation.domain.ProductFamily.products' (no session)
18:03:38 WARN  [co.in.va.im.ImporterCsvResource] (executor-thread-1) Failed to process chunk of size 10 with step 10. Retrying with step 1. Error: Cannot lazily initialize collection of role 'com.intermarche.valuation.domain.ProductFamily.products' (no session)
18:03:39 WARN  [co.in.va.im.ImporterCsvResource] (executor-thread-1) Failed to process chunk of size 10 with step 10. Retrying with step 1. Error: Cannot lazily initialize collection of role 'com.intermarche.valuation.domain.ProductFamily.products' (no session)
18:03:39 WARN  [co.in.va.im.ImporterCsvResource] (executor-thread-1) Failed to process chunk of size 10 with step 10. Retrying with step 1. Error: Cannot lazily initialize collection of role 'com.intermarche.valuation.domain.ProductFamily.products' (no session)
18:03:39 WARN  [co.in.va.im.ImporterCsvResource] (executor-thread-1) Failed to process chunk of size 10 with step 10. Retrying with step 1. Error: Cannot lazily initialize collection of role 'com.intermarche.valuation.domain.ProductFamily.products' (no session)
18:03:39 WARN  [co.in.va.im.ImporterCsvResource] (executor-thread-1) Failed to process chunk of size 10 with step 10. Retrying with step 1. Error: Cannot lazily initialize collection of role 'com.intermarche.valuation.domain.ProductFamily.products' (no session)
18:03:39 WARN  [co.in.va.im.ImporterCsvResource] (executor-thread-1) Failed to process chunk of size 10 with step 10. Retrying with step 1. Error: Cannot lazily initialize collection of role 'com.intermarche.valuation.domain.ProductFamily.products' (no session)
18:03:39 WARN  [co.in.va.im.ImporterCsvResource] (executor-thread-1) Failed to process chunk of size 10 with step 10. Retrying with step 1. Error: Cannot lazily initialize collection of role 'com.intermarche.valuation.domain.ProductFamily.products' (no session)
18:03:39 WARN  [co.in.va.im.ImporterCsvResource] (executor-thread-1) Failed to process chunk of size 10 with step 10. Retrying with step 1. Error: Cannot lazily initialize collection of role 'com.intermarche.valuation.domain.ProductFamily.products' (no session)
18:03:39 WARN  [co.in.va.im.ImporterCsvResource] (executor-thread-1) Failed to process chunk of size 10 with step 10. Retrying with step 1. Error: Cannot lazily initialize collection of role 'com.intermarche.valuation.domain.ProductFamily.products' (no session)
18:03:39 WARN  [co.in.va.im.ImporterCsvResource] (executor-thread-1) Failed to process chunk of size 100 with step 100. Retrying with step 10. Error: Cannot lazily initialize collection of role 'com.intermarche.valuation.domain.ProductFamily.products' (no session)
18:03:39 WARN  [co.in.va.im.ImporterCsvResource] (executor-thread-1) Failed to process chunk of size 10 with step 10. Retrying with step 1. Error: Cannot lazily initialize collection of role 'com.intermarche.valuation.domain.ProductFamily.products' (no session)
18:03:39 WARN  [co.in.va.im.ImporterCsvResource] (executor-thread-1) Failed to process chunk of size 10 with step 10. Retrying with step 1. Error: Cannot lazily initialize collection of role 'com.intermarche.valuation.domain.ProductFamily.products' (no session)
18:03:39 WARN  [co.in.va.im.ImporterCsvResource] (executor-thread-1) Failed to process chunk of size 10 with step 10. Retrying with step 1. Error: Cannot lazily initialize collection of role 'com.intermarche.valuation.domain.ProductFamily.products' (no session)
18:03:39 WARN  [co.in.va.im.ImporterCsvResource] (executor-thread-1) Failed to process chunk of size 10 with step 10. Retrying with step 1. Error: Cannot lazily initialize collection of role 'com.intermarche.valuation.domain.ProductFamily.products' (no session)
18:03:39 WARN  [co.in.va.im.ImporterCsvResource] (executor-thread-1) Failed to process chunk of size 10 with step 10. Retrying with step 1. Error: Cannot lazily initialize collection of role 'com.intermarche.valuation.domain.ProductFamily.products' (no session)
18:03:39 WARN  [co.in.va.im.ImporterCsvResource] (executor-thread-1) Failed to process chunk of size 10 with step 10. Retrying with step 1. Error: Cannot lazily initialize collection of role 'com.intermarche.valuation.domain.ProductFamily.products' (no session)
18:03:39 WARN  [co.in.va.im.ImporterCsvResource] (executor-thread-1) Failed to process chunk of size 10 with step 10. Retrying with step 1. Error: Cannot lazily initialize collection of role 'com.intermarche.valuation.domain.ProductFamily.products' (no session)
18:03:39 WARN  [co.in.va.im.ImporterCsvResource] (executor-thread-1) Failed to process chunk of size 10 with step 10. Retrying with step 1. Error: Cannot lazily initialize collection of role 'com.intermarche.valuation.domain.ProductFamily.products' (no session)
18:03:39 WARN  [co.in.va.im.ImporterCsvResource] (executor-thread-1) Failed to process chunk of size 10 with step 10. Retrying with step 1. Error: Cannot lazily initialize collection of role 'com.intermarche.valuation.domain.ProductFamily.products' (no session)
18:03:39 WARN  [co.in.va.im.ImporterCsvResource] (executor-thread-1) Failed to process chunk of size 10 with step 10. Retrying with step 1. Error: Cannot lazily initialize collection of role 'com.intermarche.valuation.domain.ProductFamily.products' (no session)
18:03:39 WARN  [co.in.va.im.ImporterCsvResource] (executor-thread-1) Failed to process chunk of size 100 with step 100. Retrying with step 10. Error: Cannot lazily initialize collection of role 'com.intermarche.valuation.domain.ProductFamily.products' (no session)
18:03:39 WARN  [co.in.va.im.ImporterCsvResource] (executor-thread-1) Failed to process chunk of size 10 with step 10. Retrying with step 1. Error: Cannot lazily initialize collection of role 'com.intermarche.valuation.domain.ProductFamily.products' (no session)
18:03:39 WARN  [co.in.va.im.ImporterCsvResource] (executor-thread-1) Failed to process chunk of size 10 with step 10. Retrying with step 1. Error: Cannot lazily initialize collection of role 'com.intermarche.valuation.domain.ProductFamily.products' (no session)
18:03:39 WARN  [co.in.va.im.ImporterCsvResource] (executor-thread-1) Failed to process chunk of size 10 with step 10. Retrying with step 1. Error: Cannot lazily initialize collection of role 'com.intermarche.valuation.domain.ProductFamily.products' (no session)
18:03:39 WARN  [co.in.va.im.ImporterCsvResource] (executor-thread-1) Failed to process chunk of size 10 with step 10. Retrying with step 1. Error: Cannot lazily initialize collection of role 'com.intermarche.valuation.domain.ProductFamily.products' (no session)
18:03:39 WARN  [co.in.va.im.ImporterCsvResource] (executor-thread-1) Failed to process chunk of size 10 with step 10. Retrying with step 1. Error: Cannot lazily initialize collection of role 'com.intermarche.valuation.domain.ProductFamily.products' (no session)
18:03:39 WARN  [co.in.va.im.ImporterCsvResource] (executor-thread-1) Failed to process chunk of size 10 with step 10. Retrying with step 1. Error: Cannot lazily initialize collection of role 'com.intermarche.valuation.domain.ProductFamily.products' (no session)
18:03:39 WARN  [co.in.va.im.ImporterCsvResource] (executor-thread-1) Failed to process chunk of size 10 with step 10. Retrying with step 1. Error: Cannot lazily initialize collection of role 'com.intermarche.valuation.domain.ProductFamily.products' (no session)
18:03:39 WARN  [co.in.va.im.ImporterCsvResource] (executor-thread-1) Failed to process chunk of size 10 with step 10. Retrying with step 1. Error: Cannot lazily initialize collection of role 'com.intermarche.valuation.domain.ProductFamily.products' (no session)
18:03:39 WARN  [co.in.va.im.ImporterCsvResource] (executor-thread-1) Failed to process chunk of size 10 with step 10. Retrying with step 1. Error: Cannot lazily initialize collection of role 'com.intermarche.valuation.domain.ProductFamily.products' (no session)
18:03:39 WARN  [co.in.va.im.ImporterCsvResource] (executor-thread-1) Failed to process chunk of size 10 with step 10. Retrying with step 1. Error: Cannot lazily initialize collection of role 'com.intermarche.valuation.domain.ProductFamily.products' (no session)
18:03:39 INFO  [co.in.va.im.ImporterCsvResource] (executor-thread-1) Import finished. Created: 32, Updated: 0
18:03:40 INFO  [co.in.va.im.ImporterCsvResource] (executor-thread-1) Starting Bulk Import from InputStream
18:03:44 INFO  [co.in.va.im.ImporterCsvResource] (executor-thread-1) Import finished. Created: 0, Updated: 0
18:03:44 INFO  [co.in.va.im.ImporterCsvResource] (executor-thread-1) Starting Bulk Import from InputStream
18:03:44 INFO  [co.in.va.im.ImporterCsvResource] (executor-thread-1) Import finished. Created: 0, Updated: 0
18:03:44 INFO  [co.in.va.im.ImporterCsvResource] (executor-thread-1) Starting Bulk Import from InputStream
18:03:52 INFO  [co.in.va.im.ImporterCsvResource] (executor-thread-1) Import finished. Created: 0, Updated: 0
18:03:52 INFO  [co.in.va.im.ImporterCsvResource] (executor-thread-1) Starting Bulk Import from InputStream
18:03:52 INFO  [co.in.va.im.ImporterCsvResource] (executor-thread-1) Import finished. Created: 0, Updated: 0
18:30:27 INFO  [co.in.va.im.ImporterCsvResource] (executor-thread-1) Starting Bulk Import from InputStream
18:30:27 INFO  [co.in.va.im.ImporterCsvResource] (executor-thread-1) Import finished. Created: 0, Updated: 0
18:30:27 INFO  [co.in.va.im.ImporterCsvResource] (executor-thread-1) Starting Bulk Import from InputStream
18:30:27 INFO  [co.in.va.im.ImporterCsvResource] (executor-thread-1) Import finished. Created: 0, Updated: 0
18:30:27 INFO  [co.in.va.im.ImporterCsvResource] (executor-thread-1) Starting Bulk Import from InputStream
18:30:30 INFO  [co.in.va.im.ImporterCsvResource] (executor-thread-1) Import finished. Created: 0, Updated: 0
18:30:30 INFO  [co.in.va.im.ImporterCsvResource] (executor-thread-1) Starting Bulk Import from InputStream
18:30:31 WARN  [co.in.va.im.ImporterCsvResource] (executor-thread-1) Failed to process chunk of size 1000 with step 1000. Retrying with step 100. Error: Detached entity passed to persist: com.intermarche.valuation.domain.ProductFamily
18:30:31 WARN  [co.in.va.im.ImporterCsvResource] (executor-thread-1) Failed to process chunk of size 100 with step 100. Retrying with step 10. Error: Detached entity passed to persist: com.intermarche.valuation.domain.ProductFamily
18:30:31 WARN  [co.in.va.im.ImporterCsvResource] (executor-thread-1) Failed to process chunk of size 10 with step 10. Retrying with step 1. Error: Detached entity passed to persist: com.intermarche.valuation.domain.ProductFamily
18:30:31 WARN  [co.in.va.im.ImporterCsvResource] (executor-thread-1) Failed to process chunk of size 10 with step 10. Retrying with step 1. Error: Cannot lazily initialize collection of role 'com.intermarche.valuation.domain.ProductFamily.products' (no session)
18:30:31 WARN  [co.in.va.im.ImporterCsvResource] (executor-thread-1) Failed to process chunk of size 10 with step 10. Retrying with step 1. Error: Cannot lazily initialize collection of role 'com.intermarche.valuation.domain.ProductFamily.products' (no session)
18:30:31 WARN  [co.in.va.im.ImporterCsvResource] (executor-thread-1) Failed to process chunk of size 10 with step 10. Retrying with step 1. Error: Cannot lazily initialize collection of role 'com.intermarche.valuation.domain.ProductFamily.products' (no session)
18:30:31 WARN  [co.in.va.im.ImporterCsvResource] (executor-thread-1) Failed to process chunk of size 10 with step 10. Retrying with step 1. Error: Cannot lazily initialize collection of role 'com.intermarche.valuation.domain.ProductFamily.products' (no session)
18:30:31 WARN  [co.in.va.im.ImporterCsvResource] (executor-thread-1) Failed to process chunk of size 10 with step 10. Retrying with step 1. Error: Cannot lazily initialize collection of role 'com.intermarche.valuation.domain.ProductFamily.products' (no session)
18:30:31 WARN  [co.in.va.im.ImporterCsvResource] (executor-thread-1) Failed to process chunk of size 10 with step 10. Retrying with step 1. Error: Cannot lazily initialize collection of role 'com.intermarche.valuation.domain.ProductFamily.products' (no session)
18:30:31 WARN  [co.in.va.im.ImporterCsvResource] (executor-thread-1) Failed to process chunk of size 10 with step 10. Retrying with step 1. Error: Cannot lazily initialize collection of role 'com.intermarche.valuation.domain.ProductFamily.products' (no session)
18:30:31 WARN  [co.in.va.im.ImporterCsvResource] (executor-thread-1) Failed to process chunk of size 10 with step 10. Retrying with step 1. Error: Cannot lazily initialize collection of role 'com.intermarche.valuation.domain.ProductFamily.products' (no session)
18:30:31 WARN  [co.in.va.im.ImporterCsvResource] (executor-thread-1) Failed to process chunk of size 10 with step 10. Retrying with step 1. Error: Cannot lazily initialize collection of role 'com.intermarche.valuation.domain.ProductFamily.products' (no session)
18:30:31 WARN  [co.in.va.im.ImporterCsvResource] (executor-thread-1) Failed to process chunk of size 100 with step 100. Retrying with step 10. Error: Cannot lazily initialize collection of role 'com.intermarche.valuation.domain.ProductFamily.products' (no session)
18:30:31 WARN  [co.in.va.im.ImporterCsvResource] (executor-thread-1) Failed to process chunk of size 10 with step 10. Retrying with step 1. Error: Cannot lazily initialize collection of role 'com.intermarche.valuation.domain.ProductFamily.products' (no session)
18:30:31 WARN  [co.in.va.im.ImporterCsvResource] (executor-thread-1) Failed to process chunk of size 10 with step 10. Retrying with step 1. Error: Cannot lazily initialize collection of role 'com.intermarche.valuation.domain.ProductFamily.products' (no session)
18:30:31 WARN  [co.in.va.im.ImporterCsvResource] (executor-thread-1) Failed to process chunk of size 10 with step 10. Retrying with step 1. Error: Cannot lazily initialize collection of role 'com.intermarche.valuation.domain.ProductFamily.products' (no session)
18:30:31 WARN  [co.in.va.im.ImporterCsvResource] (executor-thread-1) Failed to process chunk of size 10 with step 10. Retrying with step 1. Error: Cannot lazily initialize collection of role 'com.intermarche.valuation.domain.ProductFamily.products' (no session)
18:30:31 WARN  [co.in.va.im.ImporterCsvResource] (executor-thread-1) Failed to process chunk of size 10 with step 10. Retrying with step 1. Error: Cannot lazily initialize collection of role 'com.intermarche.valuation.domain.ProductFamily.products' (no session)
18:30:31 WARN  [co.in.va.im.ImporterCsvResource] (executor-thread-1) Failed to process chunk of size 10 with step 10. Retrying with step 1. Error: Cannot lazily initialize collection of role 'com.intermarche.valuation.domain.ProductFamily.products' (no session)
18:30:32 WARN  [co.in.va.im.ImporterCsvResource] (executor-thread-1) Failed to process chunk of size 10 with step 10. Retrying with step 1. Error: Cannot lazily initialize collection of role 'com.intermarche.valuation.domain.ProductFamily.products' (no session)
18:30:32 WARN  [co.in.va.im.ImporterCsvResource] (executor-thread-1) Failed to process chunk of size 10 with step 10. Retrying with step 1. Error: Cannot lazily initialize collection of role 'com.intermarche.valuation.domain.ProductFamily.products' (no session)
18:30:32 WARN  [co.in.va.im.ImporterCsvResource] (executor-thread-1) Failed to process chunk of size 10 with step 10. Retrying with step 1. Error: Cannot lazily initialize collection of role 'com.intermarche.valuation.domain.ProductFamily.products' (no session)
18:30:32 WARN  [co.in.va.im.ImporterCsvResource] (executor-thread-1) Failed to process chunk of size 10 with step 10. Retrying with step 1. Error: Cannot lazily initialize collection of role 'com.intermarche.valuation.domain.ProductFamily.products' (no session)
18:30:32 WARN  [co.in.va.im.ImporterCsvResource] (executor-thread-1) Failed to process chunk of size 100 with step 100. Retrying with step 10. Error: Cannot lazily initialize collection of role 'com.intermarche.valuation.domain.ProductFamily.products' (no session)
18:30:32 WARN  [co.in.va.im.ImporterCsvResource] (executor-thread-1) Failed to process chunk of size 10 with step 10. Retrying with step 1. Error: Cannot lazily initialize collection of role 'com.intermarche.valuation.domain.ProductFamily.products' (no session)
18:30:32 WARN  [co.in.va.im.ImporterCsvResource] (executor-thread-1) Failed to process chunk of size 10 with step 10. Retrying with step 1. Error: Cannot lazily initialize collection of role 'com.intermarche.valuation.domain.ProductFamily.products' (no session)
18:30:32 WARN  [co.in.va.im.ImporterCsvResource] (executor-thread-1) Failed to process chunk of size 10 with step 10. Retrying with step 1. Error: Cannot lazily initialize collection of role 'com.intermarche.valuation.domain.ProductFamily.products' (no session)
18:30:32 WARN  [co.in.va.im.ImporterCsvResource] (executor-thread-1) Failed to process chunk of size 10 with step 10. Retrying with step 1. Error: Cannot lazily initialize collection of role 'com.intermarche.valuation.domain.ProductFamily.products' (no session)
18:30:32 WARN  [co.in.va.im.ImporterCsvResource] (executor-thread-1) Failed to process chunk of size 10 with step 10. Retrying with step 1. Error: Cannot lazily initialize collection of role 'com.intermarche.valuation.domain.ProductFamily.products' (no session)
18:30:32 WARN  [co.in.va.im.ImporterCsvResource] (executor-thread-1) Failed to process chunk of size 10 with step 10. Retrying with step 1. Error: Cannot lazily initialize collection of role 'com.intermarche.valuation.domain.ProductFamily.products' (no session)
18:30:32 WARN  [co.in.va.im.ImporterCsvResource] (executor-thread-1) Failed to process chunk of size 10 with step 10. Retrying with step 1. Error: Cannot lazily initialize collection of role 'com.intermarche.valuation.domain.ProductFamily.products' (no session)
18:30:32 WARN  [co.in.va.im.ImporterCsvResource] (executor-thread-1) Failed to process chunk of size 10 with step 10. Retrying with step 1. Error: Cannot lazily initialize collection of role 'com.intermarche.valuation.domain.ProductFamily.products' (no session)
18:30:32 WARN  [co.in.va.im.ImporterCsvResource] (executor-thread-1) Failed to process chunk of size 10 with step 10. Retrying with step 1. Error: Cannot lazily initialize collection of role 'com.intermarche.valuation.domain.ProductFamily.products' (no session)
18:30:32 WARN  [co.in.va.im.ImporterCsvResource] (executor-thread-1) Failed to process chunk of size 10 with step 10. Retrying with step 1. Error: Cannot lazily initialize collection of role 'com.intermarche.valuation.domain.ProductFamily.products' (no session)
18:30:32 WARN  [co.in.va.im.ImporterCsvResource] (executor-thread-1) Failed to process chunk of size 100 with step 100. Retrying with step 10. Error: Cannot lazily initialize collection of role 'com.intermarche.valuation.domain.ProductFamily.products' (no session)
18:30:32 WARN  [co.in.va.im.ImporterCsvResource] (executor-thread-1) Failed to process chunk of size 10 with step 10. Retrying with step 1. Error: Cannot lazily initialize collection of role 'com.intermarche.valuation.domain.ProductFamily.products' (no session)
18:30:32 WARN  [co.in.va.im.ImporterCsvResource] (executor-thread-1) Failed to process chunk of size 10 with step 10. Retrying with step 1. Error: Cannot lazily initialize collection of role 'com.intermarche.valuation.domain.ProductFamily.products' (no session)
18:30:32 WARN  [co.in.va.im.ImporterCsvResource] (executor-thread-1) Failed to process chunk of size 10 with step 10. Retrying with step 1. Error: Cannot lazily initialize collection of role 'com.intermarche.valuation.domain.ProductFamily.products' (no session)
18:30:32 WARN  [co.in.va.im.ImporterCsvResource] (executor-thread-1) Failed to process chunk of size 10 with step 10. Retrying with step 1. Error: Cannot lazily initialize collection of role 'com.intermarche.valuation.domain.ProductFamily.products' (no session)
18:30:32 WARN  [co.in.va.im.ImporterCsvResource] (executor-thread-1) Failed to process chunk of size 10 with step 10. Retrying with step 1. Error: Cannot lazily initialize collection of role 'com.intermarche.valuation.domain.ProductFamily.products' (no session)
18:30:32 WARN  [co.in.va.im.ImporterCsvResource] (executor-thread-1) Failed to process chunk of size 10 with step 10. Retrying with step 1. Error: Cannot lazily initialize collection of role 'com.intermarche.valuation.domain.ProductFamily.products' (no session)
18:30:32 WARN  [co.in.va.im.ImporterCsvResource] (executor-thread-1) Failed to process chunk of size 10 with step 10. Retrying with step 1. Error: Cannot lazily initialize collection of role 'com.intermarche.valuation.domain.ProductFamily.products' (no session)
18:30:32 WARN  [co.in.va.im.ImporterCsvResource] (executor-thread-1) Failed to process chunk of size 10 with step 10. Retrying with step 1. Error: Cannot lazily initialize collection of role 'com.intermarche.valuation.domain.ProductFamily.products' (no session)
18:30:32 WARN  [co.in.va.im.ImporterCsvResource] (executor-thread-1) Failed to process chunk of size 10 with step 10. Retrying with step 1. Error: Cannot lazily initialize collection of role 'com.intermarche.valuation.domain.ProductFamily.products' (no session)
18:30:32 WARN  [co.in.va.im.ImporterCsvResource] (executor-thread-1) Failed to process chunk of size 10 with step 10. Retrying with step 1. Error: Cannot lazily initialize collection of role 'com.intermarche.valuation.domain.ProductFamily.products' (no session)
18:30:32 WARN  [co.in.va.im.ImporterCsvResource] (executor-thread-1) Failed to process chunk of size 100 with step 100. Retrying with step 10. Error: Cannot lazily initialize collection of role 'com.intermarche.valuation.domain.ProductFamily.products' (no session)
18:30:32 WARN  [co.in.va.im.ImporterCsvResource] (executor-thread-1) Failed to process chunk of size 10 with step 10. Retrying with step 1. Error: Cannot lazily initialize collection of role 'com.intermarche.valuation.domain.ProductFamily.products' (no session)
18:30:32 WARN  [co.in.va.im.ImporterCsvResource] (executor-thread-1) Failed to process chunk of size 10 with step 10. Retrying with step 1. Error: Cannot lazily initialize collection of role 'com.intermarche.valuation.domain.ProductFamily.products' (no session)
18:30:32 WARN  [co.in.va.im.ImporterCsvResource] (executor-thread-1) Failed to process chunk of size 10 with step 10. Retrying with step 1. Error: Cannot lazily initialize collection of role 'com.intermarche.valuation.domain.ProductFamily.products' (no session)
18:30:32 WARN  [co.in.va.im.ImporterCsvResource] (executor-thread-1) Failed to process chunk of size 10 with step 10. Retrying with step 1. Error: Cannot lazily initialize collection of role 'com.intermarche.valuation.domain.ProductFamily.products' (no session)
18:30:32 WARN  [co.in.va.im.ImporterCsvResource] (executor-thread-1) Failed to process chunk of size 10 with step 10. Retrying with step 1. Error: Cannot lazily initialize collection of role 'com.intermarche.valuation.domain.ProductFamily.products' (no session)
18:30:32 WARN  [co.in.va.im.ImporterCsvResource] (executor-thread-1) Failed to process chunk of size 10 with step 10. Retrying with step 1. Error: Cannot lazily initialize collection of role 'com.intermarche.valuation.domain.ProductFamily.products' (no session)
18:30:32 WARN  [co.in.va.im.ImporterCsvResource] (executor-thread-1) Failed to process chunk of size 10 with step 10. Retrying with step 1. Error: Cannot lazily initialize collection of role 'com.intermarche.valuation.domain.ProductFamily.products' (no session)
18:30:32 WARN  [co.in.va.im.ImporterCsvResource] (executor-thread-1) Failed to process chunk of size 10 with step 10. Retrying with step 1. Error: Cannot lazily initialize collection of role 'com.intermarche.valuation.domain.ProductFamily.products' (no session)
18:30:32 WARN  [co.in.va.im.ImporterCsvResource] (executor-thread-1) Failed to process chunk of size 10 with step 10. Retrying with step 1. Error: Cannot lazily initialize collection of role 'com.intermarche.valuation.domain.ProductFamily.products' (no session)
18:30:32 WARN  [co.in.va.im.ImporterCsvResource] (executor-thread-1) Failed to process chunk of size 10 with step 10. Retrying with step 1. Error: Cannot lazily initialize collection of role 'com.intermarche.valuation.domain.ProductFamily.products' (no session)
18:30:32 WARN  [co.in.va.im.ImporterCsvResource] (executor-thread-1) Failed to process chunk of size 100 with step 100. Retrying with step 10. Error: Cannot lazily initialize collection of role 'com.intermarche.valuation.domain.ProductFamily.products' (no session)
18:30:32 WARN  [co.in.va.im.ImporterCsvResource] (executor-thread-1) Failed to process chunk of size 10 with step 10. Retrying with step 1. Error: Cannot lazily initialize collection of role 'com.intermarche.valuation.domain.ProductFamily.products' (no session)
18:30:32 WARN  [co.in.va.im.ImporterCsvResource] (executor-thread-1) Failed to process chunk of size 10 with step 10. Retrying with step 1. Error: Cannot lazily initialize collection of role 'com.intermarche.valuation.domain.ProductFamily.products' (no session)
18:30:32 WARN  [co.in.va.im.ImporterCsvResource] (executor-thread-1) Failed to process chunk of size 10 with step 10. Retrying with step 1. Error: Cannot lazily initialize collection of role 'com.intermarche.valuation.domain.ProductFamily.products' (no session)
18:30:32 WARN  [co.in.va.im.ImporterCsvResource] (executor-thread-1) Failed to process chunk of size 10 with step 10. Retrying with step 1. Error: Cannot lazily initialize collection of role 'com.intermarche.valuation.domain.ProductFamily.products' (no session)
18:30:32 WARN  [co.in.va.im.ImporterCsvResource] (executor-thread-1) Failed to process chunk of size 10 with step 10. Retrying with step 1. Error: Cannot lazily initialize collection of role 'com.intermarche.valuation.domain.ProductFamily.products' (no session)
18:30:32 WARN  [co.in.va.im.ImporterCsvResource] (executor-thread-1) Failed to process chunk of size 10 with step 10. Retrying with step 1. Error: Cannot lazily initialize collection of role 'com.intermarche.valuation.domain.ProductFamily.products' (no session)
18:30:32 WARN  [co.in.va.im.ImporterCsvResource] (executor-thread-1) Failed to process chunk of size 10 with step 10. Retrying with step 1. Error: Cannot lazily initialize collection of role 'com.intermarche.valuation.domain.ProductFamily.products' (no session)
18:30:32 WARN  [co.in.va.im.ImporterCsvResource] (executor-thread-1) Failed to process chunk of size 10 with step 10. Retrying with step 1. Error: Cannot lazily initialize collection of role 'com.intermarche.valuation.domain.ProductFamily.products' (no session)
18:30:32 WARN  [co.in.va.im.ImporterCsvResource] (executor-thread-1) Failed to process chunk of size 10 with step 10. Retrying with step 1. Error: Cannot lazily initialize collection of role 'com.intermarche.valuation.domain.ProductFamily.products' (no session)
18:30:32 WARN  [co.in.va.im.ImporterCsvResource] (executor-thread-1) Failed to process chunk of size 10 with step 10. Retrying with step 1. Error: Cannot lazily initialize collection of role 'com.intermarche.valuation.domain.ProductFamily.products' (no session)
18:30:32 WARN  [co.in.va.im.ImporterCsvResource] (executor-thread-1) Failed to process chunk of size 100 with step 100. Retrying with step 10. Error: Cannot lazily initialize collection of role 'com.intermarche.valuation.domain.ProductFamily.products' (no session)
18:30:32 WARN  [co.in.va.im.ImporterCsvResource] (executor-thread-1) Failed to process chunk of size 10 with step 10. Retrying with step 1. Error: Cannot lazily initialize collection of role 'com.intermarche.valuation.domain.ProductFamily.products' (no session)
18:30:33 WARN  [co.in.va.im.ImporterCsvResource] (executor-thread-1) Failed to process chunk of size 10 with step 10. Retrying with step 1. Error: Cannot lazily initialize collection of role 'com.intermarche.valuation.domain.ProductFamily.products' (no session)
18:30:33 WARN  [co.in.va.im.ImporterCsvResource] (executor-thread-1) Failed to process chunk of size 10 with step 10. Retrying with step 1. Error: Cannot lazily initialize collection of role 'com.intermarche.valuation.domain.ProductFamily.products' (no session)
18:30:33 WARN  [co.in.va.im.ImporterCsvResource] (executor-thread-1) Failed to process chunk of size 10 with step 10. Retrying with step 1. Error: Cannot lazily initialize collection of role 'com.intermarche.valuation.domain.ProductFamily.products' (no session)
18:30:33 WARN  [co.in.va.im.ImporterCsvResource] (executor-thread-1) Failed to process chunk of size 10 with step 10. Retrying with step 1. Error: Cannot lazily initialize collection of role 'com.intermarche.valuation.domain.ProductFamily.products' (no session)
18:30:33 WARN  [co.in.va.im.ImporterCsvResource] (executor-thread-1) Failed to process chunk of size 10 with step 10. Retrying with step 1. Error: Cannot lazily initialize collection of role 'com.intermarche.valuation.domain.ProductFamily.products' (no session)
18:30:33 WARN  [co.in.va.im.ImporterCsvResource] (executor-thread-1) Failed to process chunk of size 10 with step 10. Retrying with step 1. Error: Cannot lazily initialize collection of role 'com.intermarche.valuation.domain.ProductFamily.products' (no session)
18:30:33 WARN  [co.in.va.im.ImporterCsvResource] (executor-thread-1) Failed to process chunk of size 10 with step 10. Retrying with step 1. Error: Cannot lazily initialize collection of role 'com.intermarche.valuation.domain.ProductFamily.products' (no session)
18:30:33 WARN  [co.in.va.im.ImporterCsvResource] (executor-thread-1) Failed to process chunk of size 10 with step 10. Retrying with step 1. Error: Cannot lazily initialize collection of role 'com.intermarche.valuation.domain.ProductFamily.products' (no session)
18:30:33 WARN  [co.in.va.im.ImporterCsvResource] (executor-thread-1) Failed to process chunk of size 10 with step 10. Retrying with step 1. Error: Cannot lazily initialize collection of role 'com.intermarche.valuation.domain.ProductFamily.products' (no session)
18:30:33 WARN  [co.in.va.im.ImporterCsvResource] (executor-thread-1) Failed to process chunk of size 100 with step 100. Retrying with step 10. Error: Cannot lazily initialize collection of role 'com.intermarche.valuation.domain.ProductFamily.products' (no session)
18:30:33 WARN  [co.in.va.im.ImporterCsvResource] (executor-thread-1) Failed to process chunk of size 10 with step 10. Retrying with step 1. Error: Cannot lazily initialize collection of role 'com.intermarche.valuation.domain.ProductFamily.products' (no session)
18:30:33 WARN  [co.in.va.im.ImporterCsvResource] (executor-thread-1) Failed to process chunk of size 10 with step 10. Retrying with step 1. Error: Cannot lazily initialize collection of role 'com.intermarche.valuation.domain.ProductFamily.products' (no session)
18:30:33 WARN  [co.in.va.im.ImporterCsvResource] (executor-thread-1) Failed to process chunk of size 10 with step 10. Retrying with step 1. Error: Cannot lazily initialize collection of role 'com.intermarche.valuation.domain.ProductFamily.products' (no session)
18:30:33 WARN  [co.in.va.im.ImporterCsvResource] (executor-thread-1) Failed to process chunk of size 10 with step 10. Retrying with step 1. Error: Cannot lazily initialize collection of role 'com.intermarche.valuation.domain.ProductFamily.products' (no session)
18:30:33 WARN  [co.in.va.im.ImporterCsvResource] (executor-thread-1) Failed to process chunk of size 10 with step 10. Retrying with step 1. Error: Cannot lazily initialize collection of role 'com.intermarche.valuation.domain.ProductFamily.products' (no session)
18:30:33 WARN  [co.in.va.im.ImporterCsvResource] (executor-thread-1) Failed to process chunk of size 10 with step 10. Retrying with step 1. Error: Cannot lazily initialize collection of role 'com.intermarche.valuation.domain.ProductFamily.products' (no session)
18:30:33 WARN  [co.in.va.im.ImporterCsvResource] (executor-thread-1) Failed to process chunk of size 10 with step 10. Retrying with step 1. Error: Cannot lazily initialize collection of role 'com.intermarche.valuation.domain.ProductFamily.products' (no session)
18:30:33 WARN  [co.in.va.im.ImporterCsvResource] (executor-thread-1) Failed to process chunk of size 10 with step 10. Retrying with step 1. Error: Cannot lazily initialize collection of role 'com.intermarche.valuation.domain.ProductFamily.products' (no session)
18:30:33 WARN  [co.in.va.im.ImporterCsvResource] (executor-thread-1) Failed to process chunk of size 10 with step 10. Retrying with step 1. Error: Cannot lazily initialize collection of role 'com.intermarche.valuation.domain.ProductFamily.products' (no session)
18:30:33 WARN  [co.in.va.im.ImporterCsvResource] (executor-thread-1) Failed to process chunk of size 10 with step 10. Retrying with step 1. Error: Cannot lazily initialize collection of role 'com.intermarche.valuation.domain.ProductFamily.products' (no session)
18:30:33 WARN  [co.in.va.im.ImporterCsvResource] (executor-thread-1) Failed to process chunk of size 100 with step 100. Retrying with step 10. Error: Cannot lazily initialize collection of role 'com.intermarche.valuation.domain.ProductFamily.products' (no session)
18:30:33 WARN  [co.in.va.im.ImporterCsvResource] (executor-thread-1) Failed to process chunk of size 10 with step 10. Retrying with step 1. Error: Cannot lazily initialize collection of role 'com.intermarche.valuation.domain.ProductFamily.products' (no session)
18:30:33 WARN  [co.in.va.im.ImporterCsvResource] (executor-thread-1) Failed to process chunk of size 10 with step 10. Retrying with step 1. Error: Cannot lazily initialize collection of role 'com.intermarche.valuation.domain.ProductFamily.products' (no session)
18:30:33 WARN  [co.in.va.im.ImporterCsvResource] (executor-thread-1) Failed to process chunk of size 10 with step 10. Retrying with step 1. Error: Cannot lazily initialize collection of role 'com.intermarche.valuation.domain.ProductFamily.products' (no session)
18:30:33 WARN  [co.in.va.im.ImporterCsvResource] (executor-thread-1) Failed to process chunk of size 10 with step 10. Retrying with step 1. Error: Cannot lazily initialize collection of role 'com.intermarche.valuation.domain.ProductFamily.products' (no session)
18:30:33 WARN  [co.in.va.im.ImporterCsvResource] (executor-thread-1) Failed to process chunk of size 10 with step 10. Retrying with step 1. Error: Cannot lazily initialize collection of role 'com.intermarche.valuation.domain.ProductFamily.products' (no session)
18:30:33 WARN  [co.in.va.im.ImporterCsvResource] (executor-thread-1) Failed to process chunk of size 10 with step 10. Retrying with step 1. Error: Cannot lazily initialize collection of role 'com.intermarche.valuation.domain.ProductFamily.products' (no session)
18:30:33 WARN  [co.in.va.im.ImporterCsvResource] (executor-thread-1) Failed to process chunk of size 10 with step 10. Retrying with step 1. Error: Cannot lazily initialize collection of role 'com.intermarche.valuation.domain.ProductFamily.products' (no session)
18:30:33 WARN  [co.in.va.im.ImporterCsvResource] (executor-thread-1) Failed to process chunk of size 10 with step 10. Retrying with step 1. Error: Cannot lazily initialize collection of role 'com.intermarche.valuation.domain.ProductFamily.products' (no session)
18:30:33 WARN  [co.in.va.im.ImporterCsvResource] (executor-thread-1) Failed to process chunk of size 10 with step 10. Retrying with step 1. Error: Cannot lazily initialize collection of role 'com.intermarche.valuation.domain.ProductFamily.products' (no session)
18:30:33 WARN  [co.in.va.im.ImporterCsvResource] (executor-thread-1) Failed to process chunk of size 10 with step 10. Retrying with step 1. Error: Cannot lazily initialize collection of role 'com.intermarche.valuation.domain.ProductFamily.products' (no session)
18:30:33 WARN  [co.in.va.im.ImporterCsvResource] (executor-thread-1) Failed to process chunk of size 100 with step 100. Retrying with step 10. Error: Cannot lazily initialize collection of role 'com.intermarche.valuation.domain.ProductFamily.products' (no session)
18:30:33 WARN  [co.in.va.im.ImporterCsvResource] (executor-thread-1) Failed to process chunk of size 10 with step 10. Retrying with step 1. Error: Cannot lazily initialize collection of role 'com.intermarche.valuation.domain.ProductFamily.products' (no session)
18:30:33 WARN  [co.in.va.im.ImporterCsvResource] (executor-thread-1) Failed to process chunk of size 10 with step 10. Retrying with step 1. Error: Cannot lazily initialize collection of role 'com.intermarche.valuation.domain.ProductFamily.products' (no session)
18:30:33 WARN  [co.in.va.im.ImporterCsvResource] (executor-thread-1) Failed to process chunk of size 10 with step 10. Retrying with step 1. Error: Cannot lazily initialize collection of role 'com.intermarche.valuation.domain.ProductFamily.products' (no session)
18:30:33 WARN  [co.in.va.im.ImporterCsvResource] (executor-thread-1) Failed to process chunk of size 10 with step 10. Retrying with step 1. Error: Cannot lazily initialize collection of role 'com.intermarche.valuation.domain.ProductFamily.products' (no session)
18:30:33 WARN  [co.in.va.im.ImporterCsvResource] (executor-thread-1) Failed to process chunk of size 10 with step 10. Retrying with step 1. Error: Cannot lazily initialize collection of role 'com.intermarche.valuation.domain.ProductFamily.products' (no session)
18:30:33 WARN  [co.in.va.im.ImporterCsvResource] (executor-thread-1) Failed to process chunk of size 10 with step 10. Retrying with step 1. Error: Cannot lazily initialize collection of role 'com.intermarche.valuation.domain.ProductFamily.products' (no session)
18:30:33 WARN  [co.in.va.im.ImporterCsvResource] (executor-thread-1) Failed to process chunk of size 10 with step 10. Retrying with step 1. Error: Cannot lazily initialize collection of role 'com.intermarche.valuation.domain.ProductFamily.products' (no session)
18:30:33 WARN  [co.in.va.im.ImporterCsvResource] (executor-thread-1) Failed to process chunk of size 10 with step 10. Retrying with step 1. Error: Cannot lazily initialize collection of role 'com.intermarche.valuation.domain.ProductFamily.products' (no session)
18:30:33 WARN  [co.in.va.im.ImporterCsvResource] (executor-thread-1) Failed to process chunk of size 10 with step 10. Retrying with step 1. Error: Cannot lazily initialize collection of role 'com.intermarche.valuation.domain.ProductFamily.products' (no session)
18:30:33 WARN  [co.in.va.im.ImporterCsvResource] (executor-thread-1) Failed to process chunk of size 10 with step 10. Retrying with step 1. Error: Cannot lazily initialize collection of role 'com.intermarche.valuation.domain.ProductFamily.products' (no session)
18:30:34 INFO  [co.in.va.im.ImporterCsvResource] (executor-thread-1) Import finished. Created: 6, Updated: 0
18:30:34 INFO  [co.in.va.im.ImporterCsvResource] (executor-thread-1) Starting Bulk Import from InputStream
18:30:38 INFO  [co.in.va.im.ImporterCsvResource] (executor-thread-1) Import finished. Created: 0, Updated: 0
18:30:38 INFO  [co.in.va.im.ImporterCsvResource] (executor-thread-1) Starting Bulk Import from InputStream
18:30:38 INFO  [co.in.va.im.ImporterCsvResource] (executor-thread-1) Import finished. Created: 0, Updated: 0
18:30:38 INFO  [co.in.va.im.ImporterCsvResource] (executor-thread-1) Starting Bulk Import from InputStream
18:30:46 INFO  [co.in.va.im.ImporterCsvResource] (executor-thread-1) Import finished. Created: 0, Updated: 0
18:30:46 INFO  [co.in.va.im.ImporterCsvResource] (executor-thread-1) Starting Bulk Import from InputStream
18:30:46 INFO  [co.in.va.im.ImporterCsvResource] (executor-thread-1) Import finished. Created: 0, Updated: 0
